Id,Y
2854,0.9843480780632621
2855,0.9801458117557033
2856,0.0646839077692264
2857,0.9319317549391118
2858,0.14511028675838641
2859,0.1713444064005963
2860,0.09010542863217265
2861,0.14538750136197431
2862,0.836191581538126
2863,0.013043315011061535
2864,0.40964771586770743
2865,0.9687120213254599
2866,0.9419620912043773
2867,0.02192069315428217
2868,0.15087166695613619
2869,0.9484472762792979
2870,0.0018675671809441372
2871,0.9828577576681757
2872,0.001291248852151021
2873,0.07301632301322766
2874,0.11478882481952926
2875,0.4421392504747254
2876,0.041343718989894314
2877,0.014526180457223797
2878,0.9804017582951932
2879,0.0017462178885555282
2880,0.28401648162118387
2881,0.25724277959346115
2882,0.6374068291510351
2883,0.7416223763252042
2884,0.013283027919182545
2885,0.5839950902815536
2886,0.02877465907773328
2887,0.12384163034904862
2888,0.9968869949566868
2889,0.08333627875118636
2890,0.9590605949513065
2891,0.9950932118125437
2892,0.15496901935990812
2893,0.9969091142327736
2894,0.21194606309461345
2895,0.3646771096427391
2896,0.9746964422051682
2897,0.0962434296672427
2898,0.9652788050074246
2899,0.4280714651471536
2900,0.100223785063943
2901,0.8053083888322741
2902,0.7835308388067656
2903,0.0017237366029193679
2904,0.2351295696442032
2905,0.8769534344838674
2906,0.18162780745531917
2907,0.9801182321181335
2908,0.33746024368474764
2909,0.2515011470870279
2910,0.9156066507660632
2911,0.07338852920276162
2912,0.03691823534532857
2913,0.9887945392537345
2914,0.9625900284271253
2915,0.106936691928211
2916,0.8380913368535198
2917,0.14936670142818764
2918,0.36314543667274657
2919,0.9749967391699779
2920,0.3015123645180362
2921,0.0014874144444348976
2922,0.842003849781856
2923,0.9064515654565911
2924,0.9963761900802396
2925,0.0304372471438418
2926,0.027614839653699614
2927,0.9766409854307048
2928,0.9759857474224822
2929,0.9964548619465431
2930,0.02137370848677132
2931,0.2608690348163687
2932,0.013055952847566709
2933,0.09210597946261607
2934,0.1256521877531963
2935,0.9543566935369748
2936,0.9851993324609628
2937,0.9705499651789976
2938,0.11802700777954152
2939,0.00118606461155464
2940,0.8742546684419638
2941,0.06387825067095529
2942,0.013022321926174883
2943,0.001740984602082839
2944,0.9941780986938147
2945,0.025950877997295563
2946,0.011098577855365428
2947,0.032238219526337236
2948,0.8374836308785001
2949,0.3836882197802381
2950,0.11561485119362916
2951,0.02684717192458454
2952,0.05553859040637552
2953,0.016525227360449923
2954,0.020050043037568608
2955,0.9736319579133885
2956,0.04567401292322643
2957,0.9902128739979335
2958,0.5483664018871207
2959,0.02579658387174171
2960,0.016958311272536542
2961,0.9878628420796306
2962,0.24236987855025408
2963,0.9687273222683785
2964,0.15184525269799642
2965,0.11556950780512339
2966,0.17940320895465278
2967,0.01591725838457165
2968,0.009569673247114826
2969,0.9605800692147373
2970,0.07459150214068166
2971,0.9881461907938472
2972,0.9228237062161349
2973,0.21733652100497075
2974,0.1287622318308975
2975,0.08535637768821455
2976,0.045582807239921655
2977,0.9747833529541821
2978,0.05533886404799969
2979,0.7554442122868836
2980,0.8754480097924305
2981,0.6922323633856932
2982,0.09538806087254938
2983,0.9128239134220745
2984,0.05193779220783205
2985,0.07672163983495173
2986,0.5252643753919303
2987,0.7808918043149514
2988,0.9751272443018051
2989,0.25481479669531204
2990,0.9962713173966254
2991,0.9674647740734126
2992,0.0013242251765639228
2993,0.0944681878048024
2994,0.04673398055911402
2995,0.08962001075423251
2996,0.014875584337584482
2997,0.035791715118686444
2998,0.3687714018493934
2999,0.04629451842197821
3000,0.033822752495367946
3001,0.0012354298754271413
3002,0.13144542839080245
3003,0.5060080604506563
3004,0.25211822612476914
3005,0.9750803046353647
3006,0.0013690727691831326
3007,0.09649054769238354
3008,0.02037457421776405
3009,0.1881652687931919
3010,0.08338725129455814
3011,0.9805092090218108
3012,0.0038736938667449225
3013,0.11012711906370944
3014,0.996376029099264
3015,0.029245267005869838
3016,0.029873143791870515
3017,0.978432454418135
3018,0.05198445159737155
3019,0.02247897706828651
3020,0.6085446374718728
3021,0.9808264721666624
3022,0.9277471881026367
3023,0.893222792889335
3024,0.16177205038464862
3025,0.9209277926326402
3026,0.9769967532195839
3027,0.0038736938667449225
3028,0.06875680410586803
3029,0.0017237366029193679
3030,0.9912733112082543
3031,0.4466198190674661
3032,0.9791808610501388
3033,0.030565622153638148
3034,0.047727235471901094
3035,0.09987165563349039
3036,0.02530860667548418
3037,0.9866588771570928
3038,0.9907866658994894
3039,0.1534604172024685
3040,0.9126167722296638
3041,0.3124529446828204
3042,0.6942626306855196
3043,0.034970198592031154
3044,0.0035819492878289357
3045,0.9962713173966254
3046,0.2947812260541992
3047,0.91390265104596
3048,0.9790127237205001
3049,0.037358166042190014
3050,0.035164965985383434
3051,0.014885207061001637
3052,0.02390890122396159
3053,0.1590047983425003
3054,0.6073943330850782
3055,0.15376483837709573
3056,0.05232023892078441
3057,0.4669258470734941
3058,0.3135224355327455
3059,0.9695182222388617
3060,0.7316401977797499
3061,0.9668329082241496
3062,0.5840092081415134
3063,0.3422419532352006
3064,0.43218110004316096
3065,0.9860628327574371
3066,0.17057070527943058
3067,0.5898273564150252
3068,0.21782383868580457
3069,0.052862796975546855
3070,0.7173292589091809
3071,0.972006429598558
3072,0.4333179627264552
3073,0.17662981617061385
3074,0.6795271087279368
3075,0.003022404888990537
3076,0.9761859732340131
3077,0.41162381333911985
3078,0.002314927229562643
3079,0.0032615212446950987
3080,0.23461431352798445
3081,0.9745207562672458
3082,0.11522910310949053
3083,0.05349198868906579
3084,0.028513187776171282
3085,0.05379996253130835
3086,0.015430117869635303
3087,0.03769280108475698
3088,0.9765408954877257
3089,0.9920846518028943
3090,0.0014357042840489284
3091,0.03203098222074584
3092,0.9960782285404265
3093,0.07674884148137387
3094,0.9089834095229878
3095,0.9493714858270839
3096,0.15824876973552676
3097,0.03460301497289115
3098,0.03187141979340089
3099,0.10361422317896937
3100,0.05561441533796563
3101,0.9888072186669217
3102,0.9723901798600886
3103,0.02448364580534407
3104,0.9789474226906201
3105,0.7301915639809315
3106,0.9969091142327736
3107,0.850609593972251
3108,0.9612979452373122
3109,0.5708798455536057
3110,0.1306238968432292
3111,0.019151267265915355
3112,0.12807363080318893
3113,0.9967435800259152
3114,0.9879392105236624
3115,0.0448088503648382
3116,0.1398909081829991
3117,0.979566767711038
3118,0.9909656376743791
3119,0.21774924055276287
3120,0.19126715514155468
3121,0.71693427361724
3122,0.8886348805415023
3123,0.02217432572332728
3124,0.9598801273738174
3125,0.21830901696149932
3126,0.18659170351053758
3127,0.08901035137881994
3128,0.8011910155711636
3129,0.13751719238745444
3130,0.3149926261834722
3131,0.8667053361756618
3132,0.052149380269707245
3133,0.14511028675838641
3134,0.9964548619465431
3135,0.06042079595630122
3136,0.5582437523607553
3137,0.21208531762035884
3138,0.03253142874503001
3139,0.00118606461155464
3140,0.02150634036359751
3141,0.1874327854093565
3142,0.06330656345275182
3143,0.04870403583085152
3144,0.0014144928690443986
3145,0.2967352768431325
3146,0.033413293034521785
3147,0.014946668091385893
3148,0.9249571331583903
3149,0.146121470085827
3150,0.8496562696652943
3151,0.11738377021496428
3152,0.12465715063641415
3153,0.001819172842721477
3154,0.30977628148768976
3155,0.5859194827532086
3156,0.6427167953807524
3157,0.7576952652292167
3158,0.8563885088420762
3159,0.5532867697856639
3160,0.9722393449459804
3161,0.5394262759337897
3162,0.9707632318061139
3163,0.20871674505660992
3164,0.24069519597367023
3165,0.9743577483486295
3166,0.046955389137160075
3167,0.040911258765368164
3168,0.972006429598558
3169,0.9737877240514458
3170,0.0011890711031545347
3171,0.08994767974128139
3172,0.5915838782432148
3173,0.993923315734612
3174,0.130827384923328
3175,0.11241401591831368
3176,0.9852936770837482
3177,0.0030587388916465627
3178,0.9773838396860455
3179,0.9519680286442536
3180,0.9741127756725977
3181,0.0011927903706253793
3182,0.980607848662733
3183,0.9134043967851427
3184,0.9968403505142471
3185,0.11107129636180015
3186,0.9404994986964936
3187,0.018719690522525614
3188,0.9822048364434495
3189,0.08478511534655198
3190,0.03317704348539458
3191,0.13498733618090372
3192,0.1453243122294463
3193,0.7127829230485663
3194,0.8669779647212339
3195,0.9686271483808091
3196,0.00525490632840897
3197,0.947141309947373
3198,0.0014874144444348976
3199,0.7365570519568622
3200,0.963764057640437
3201,0.004165225737704929
3202,0.99624116084223
3203,0.012469851414767495
3204,0.33509749594983895
3205,0.19411520702438964
3206,0.2693833993599739
3207,0.103964560963676
3208,0.9905647234225204
3209,0.9925105209696852
3210,0.9586748155008606
3211,0.9749079864026083
3212,0.9967851570456272
3213,0.10889285077726435
3214,0.9735989800028378
3215,0.5281490162445348
3216,0.25921656890778577
3217,0.0027619175241505845
3218,0.993823481391431
3219,0.0608840477078174
3220,0.9627740490971132
3221,0.3735225520580844
3222,0.8901490618439052
3223,0.38623663562431154
3224,0.5938135638930967
3225,0.03403558337151621
3226,0.1506438725601068
3227,0.21882155724434862
3228,0.9276568874958547
3229,0.9754363975538655
3230,0.0012198932102866443
3231,0.1520763858727981
3232,0.7741242696455938
3233,0.23352796908661405
3234,0.9808072198914415
3235,0.08764344793818638
3236,0.07284836699562044
3237,0.05779326049885818
3238,0.20218768228265693
3239,0.05206578180486484
3240,0.9868840454186327
3241,0.9752066533557127
3242,0.11522469335304106
3243,0.831740072228063
3244,0.9964548619465431
3245,0.31998483231429703
3246,0.2545994691297194
3247,0.08372290094087437
3248,0.16762135441052922
3249,0.95205239743275
3250,0.1095601901422421
3251,0.011579470250368422
3252,0.011450359519728349
3253,0.7239216209808125
3254,0.0811553328996992
3255,0.9572923514088316
3256,0.014231792772437435
3257,0.24191915282733872
3258,0.011224358778796188
3259,0.21289470340586802
3260,0.892339701567506
3261,0.2074350272900696
3262,0.6415811886600084
3263,0.9922229327689968
3264,0.06078155529020918
3265,0.022226876643181667
3266,0.01959980657815919
3267,0.08544345473575983
3268,0.7492331598116297
3269,0.3760759215795029
3270,0.018152807000164396
3271,0.957197536134959
3272,0.2351295696442032
3273,0.5912214411878604
3274,0.003979171232993297
3275,0.90310798842977
3276,0.14320554113786585
3277,0.33144979188114004
3278,0.9753564672333869
3279,0.29653881287158534
3280,0.3934817515915462
3281,0.029788082720539226
3282,0.011261067052127056
3283,0.3189699635501438
3284,0.9969091142327736
3285,0.17680756135613318
3286,0.08348216899430183
3287,0.08732828720265093
3288,0.22592773738346625
3289,0.32383329069111383
3290,0.0027499171931159214
3291,0.9539049649807951
3292,0.9955966050804345
3293,0.5622936946392076
3294,0.9812613721631945
3295,0.6614491438124809
3296,0.0849530320447733
3297,0.850609593972251
3298,0.04239107014040581
3299,0.9329405285952841
3300,0.2351295696442032
3301,0.13959345652672336
3302,0.5168845485385868
3303,0.9895213896581067
3304,0.45411715982379264
3305,0.9713263413944855
3306,0.06422743530255628
3307,0.06744949652741505
3308,0.7208612324288879
3309,0.9829463137458876
3310,0.927878587634996
3311,0.9794062451739383
3312,0.9931043098218342
3313,0.5994824722051422
3314,0.08845632865183307
3315,0.0016839745995188052
3316,0.5948138264959184
3317,0.004349974589864633
3318,0.07299151582430581
3319,0.18963220675695996
3320,0.9923999282472428
3321,0.9779418614363589
3322,0.1444448239893273
3323,0.9541288324288744
3324,0.48560394786802513
3325,0.9590088364542887
3326,0.921453095954413
3327,0.9710042030235266
3328,0.8799253433982617
3329,0.08838853275702616
3330,0.021734317799546297
3331,0.1239015472398537
3332,0.2650119728893157
3333,0.979415232937929
3334,0.030119197469583393
3335,0.9682972646404177
3336,0.03359683672456872
3337,0.0614990391499166
3338,0.9092995736813381
3339,0.9721270007683737
3340,0.3094856393152508
3341,0.01398172846737395
3342,0.0023822316551865928
3343,0.014834398229552636
3344,0.977812645403582
3345,0.888666650647621
3346,0.305069392269553
3347,0.8691006969162057
3348,0.038711346289772686
3349,0.6007539510926372
3350,0.03482090067784376
3351,0.18251583183322204
3352,0.3686133275871416
3353,0.014569640580945745
3354,0.12865372736631409
3355,0.044261985372270315
3356,0.18250810605088577
3357,0.28900020760947576
3358,0.08619585956562581
3359,0.9872926702105204
3360,0.016932555434056883
3361,0.03967802984775556
3362,0.9875382639511162
3363,0.09021169373552539
3364,0.8998411999984172
3365,0.007599798386768741
3366,0.14726604266493823
3367,0.9803401190033061
3368,0.017854179005470525
3369,0.0012354298754271413
3370,0.10743927754484589
3371,0.12582638193873555
3372,0.014114355828113323
3373,0.0941500990370649
3374,0.0012198932102866443
3375,0.944215891854472
3376,0.9835552552381437
3377,0.060076050156663126
3378,0.11989666547979767
3379,0.021123957871397092
3380,0.013918655680618711
3381,0.14018059297466876
3382,0.977766543585546
3383,0.0012237087673843
3384,0.5636545637755478
3385,0.2540082563234524
3386,0.09454318859054942
3387,0.36249776150391433
3388,0.36644169333647914
3389,0.6738003344557958
3390,0.0014357042840489284
3391,0.1483068183466551
3392,0.976817969619911
3393,0.8742546684419638
3394,0.3810186184286008
3395,0.12319734186286734
3396,0.4357806487727452
3397,0.9871742041964763
3398,0.24371248570050197
3399,0.057904516193345426
3400,0.6033635044841994
3401,0.996840490934933
3402,0.07300613833881937
3403,0.0012198932102866443
3404,0.08738978729888044
3405,0.03376807299474185
3406,0.04787442366040538
3407,0.884612324226307
3408,0.1482078404631776
3409,0.0011927903706253793
3410,0.27924475026952245
3411,0.0128381135531996
3412,0.9381068942579145
3413,0.0013535961762489634
3414,0.9911747513998433
3415,0.7005743028077069
3416,0.38235326276920034
3417,0.9890488548971818
3418,0.8628935999577618
3419,0.890808934462549
3420,0.13866920996934148
3421,0.09891142333964177
3422,0.06932961821134265
3423,0.040592177983994226
3424,0.6638444552338642
3425,0.03707323410462751
3426,0.00118606461155464
3427,0.9433847504855717
3428,0.027054264301044493
3429,0.996840490934933
3430,0.004593406197893738
3431,0.0665660865563977
3432,0.10143852078760311
3433,0.9707162284624195
3434,0.480819164246603
3435,0.9966712938384216
3436,0.9718080435629398
3437,0.24816427937041274
3438,0.020644915213503773
3439,0.037874946558715705
3440,0.3525452042797302
3441,0.16136627116956623
3442,0.08176031264503808
3443,0.001418386452631378
3444,0.08354083124048496
3445,0.990183704666536
3446,0.2201106908864349
3447,0.09399019428163279
3448,0.1419856299055322
3449,0.27556692294218005
3450,0.9589055996976724
3451,0.23587844463223664
3452,0.9745207562672458
3453,0.08257725630733392
3454,0.00840107530460691
3455,0.7752246378007199
3456,0.31314893104675195
3457,0.08359436303955559
3458,0.0012079822691479281
3459,0.21667871584458684
3460,0.6161171849517425
3461,0.0989083887520968
3462,0.3826392812731337
3463,0.08448330546509901
3464,0.9902505712152099
3465,0.024900047025179638
3466,0.17170454082467146
3467,0.0971502480232233
3468,0.028093679617565315
3469,0.001915401261510043
3470,0.018284731622119313
3471,0.16747584791615341
3472,0.6689116978446048
3473,0.04097446175475589
3474,0.04998143492704019
3475,0.08938616586933239
3476,0.9619965228939928
3477,0.9172290937806167
3478,0.13288635025409604
3479,0.32251049854790165
3480,0.21387766803861694
3481,0.9966712938384216
3482,0.3295130623453768
3483,0.9815805899861632
3484,0.07392274751412736
3485,0.7089158833369833
3486,0.574237225563699
3487,0.9743235061412208
3488,0.5682164518467852
3489,0.4344860191270886
3490,0.9619143499432686
3491,0.04051266782419447
3492,0.013872664735980188
3493,0.5304307176737253
3494,0.7414706422626571
3495,0.9217843212699983
3496,0.8348898477291817
3497,0.35416665811078907
3498,0.05248344708470538
3499,0.4578410579551539
3500,0.0011927903706253793
3501,0.2816314595312993
3502,0.7884546183437671
3503,0.10340405052439593
3504,0.9733021796969655
3505,0.9967851570456272
3506,0.3486155347670862
3507,0.07720538381423721
3508,0.024417289951194177
3509,0.012032658838402198
3510,0.08531955080042039
3511,0.4264654952954873
3512,0.9172290937806167
3513,0.02684826051506865
3514,0.9937245163271128
3515,0.001566745552477791
3516,0.9681484665563375
3517,0.10956302027097896
3518,0.07520734377674462
3519,0.9745207562672458
3520,0.9697053114684308
3521,0.07216707512265053
3522,0.10960821490704412
3523,0.9699791381205044
3524,0.06620367109204746
3525,0.026715362821179145
3526,0.9872160829443886
3527,0.12111219647121779
3528,0.7533767914189528
3529,0.9610261538533618
3530,0.06552462099608404
3531,0.9842228009502115
3532,0.05790780595463316
3533,0.05235733653956481
3534,0.9891120759570169
3535,0.08900710326022691
3536,0.9695649969678886
3537,0.00118606461155464
3538,0.8348898477291817
3539,0.012861329668737312
3540,0.23461431352798445
3541,0.04918746296284021
3542,0.018401445760961956
3543,0.893222792889335
3544,0.0020901343445608117
3545,0.8254376150256479
3546,0.990670674702544
3547,0.16955071224538024
3548,0.5061838279445389
3549,0.11311453911591607
3550,0.5903956861366301
3551,0.9808072198914415
3552,0.011093239840366961
3553,0.013424027895859137
3554,0.9723319459902929
3555,0.9802914272677172
3556,0.012504441880825789
3557,0.25531941358648996
3558,0.24621398078341764
3559,0.9319317549391118
3560,0.35280977387836576
3561,0.015414406241316906
3562,0.6578348112664274
3563,0.9619960271904447
3564,0.14617489975383202
3565,0.4064048380047804
3566,0.08362232607747146
3567,0.9743294936343259
3568,0.05410468333157643
3569,0.9732661176413262
3570,0.2910341396608844
3571,0.9964548619465431
3572,0.094537303823923
3573,0.06290508523009766
3574,0.04278880904578925
3575,0.3023762579708904
3576,0.09109355626425196
3577,0.13602363764116782
3578,0.1014165629361946
3579,0.21466846172539902
3580,0.5452171352536307
3581,0.9397746975547188
3582,0.0014033934418204604
3583,0.36674567265867614
3584,0.8627333510069434
3585,0.8385404082693059
3586,0.34097344886609865
3587,0.8523827387597013
3588,0.0012079822691479281
3589,0.9932497251238835
3590,0.5055397401717564
3591,0.11802700777954152
3592,0.08833702413214528
3593,0.9967637808062495
3594,0.6671802514600131
3595,0.9755507637765247
3596,0.05609996678634034
3597,0.0690590413653727
3598,0.014634831630197175
3599,0.044321778379749016
3600,0.0018998367571925804
3601,0.13223201222992387
3602,0.0013242251765639228
3603,0.15070269843536227
3604,0.322897004588445
3605,0.9692952263565852
3606,0.954635652611145
3607,0.03286865161313792
3608,0.09893038580774104
3609,0.016872093247637394
3610,0.1360816029738271
3611,0.05056584620402636
3612,0.8328971583233309
3613,0.9343902166134241
3614,0.9048340272516816
3615,0.05744706264257498
3616,0.051012423725878976
3617,0.1124533796560678
3618,0.5433771633809702
3619,0.9320725150121526
3620,0.0019070719484153295
3621,0.08296455149293468
3622,0.4064048380047804
3623,0.0012489473990315485
3624,0.030684462239592307
3625,0.6938477260334835
3626,0.5172194083031223
3627,0.00118606461155464
3628,0.33963720981107276
3629,0.002335341949972988
3630,0.0012354298754271413
3631,0.0012489473990315485
3632,0.08023037206908055
3633,0.9630074244955146
3634,0.5903956861366301
3635,0.8692931123660044
3636,0.8253889301543547
3637,0.07970298238643904
3638,0.44788005766762384
3639,0.16507606571360417
3640,0.9912875224159097
3641,0.016532324065088734
3642,0.07044937971688174
3643,0.002049296381886966
3644,0.9803561548104139
3645,0.04862076490997036
3646,0.7269596765612835
3647,0.016043997715530934
3648,0.08571671332644816
3649,0.007599798386768741
3650,0.08222010751221044
3651,0.9707400343509486
3652,0.24705625172105056
3653,0.13136950563324343
3654,0.06185135348988225
3655,0.013257206357485847
3656,0.9918111844075045
3657,0.9529282144484309
3658,0.03805119464346042
3659,0.7066868589557387
3660,0.4548173999112885
3661,0.0012354298754271413
3662,0.00118606461155464
3663,0.7418711833418186
3664,0.006694419636518408
3665,0.9870940353960576
3666,0.5049632948181396
3667,0.014463597797512719
3668,0.015049929762856799
3669,0.007263128528105691
3670,0.1104579696428115
3671,0.01499507106687487
3672,0.059118436023256636
3673,0.9911252765125856
3674,0.1679354318900178
3675,0.06031854055444532
3676,0.9589292300875705
3677,0.13108790804519468
3678,0.12456028754043366
3679,0.5026298891166173
3680,0.9572936571312747
3681,0.6000297674301582
3682,0.1689949175784167
3683,0.08661333956833239
3684,0.0017237366029193679
3685,0.22080139525568193
3686,0.3464371310013424
3687,0.21667871584458684
3688,0.03093915585012444
3689,0.0648181517965276
3690,0.5019473773877016
3691,0.029408016536661443
3692,0.0017237366029193679
3693,0.1627862408635711
3694,0.23135597694045462
3695,0.9519020905964376
3696,0.10604807956945818
3697,0.7493226048991025
3698,0.9763915343655621
3699,0.0012237087673843
3700,0.8552548522163115
3701,0.9749079864026083
3702,0.8332676216170679
3703,0.9968869949566868
3704,0.6776847331458543
3705,0.13645655062641357
3706,0.917031468451689
3707,0.6589355173569147
3708,0.9717066025308747
3709,0.9920258695734145
3710,0.09455357533422205
3711,0.03295663338674969
3712,0.5558793736045871
3713,0.054048175651765326
3714,0.0534478807933578
3715,0.019220015947191478
3716,0.043569361247791843
3717,0.9670505884327967
3718,0.2516611052663046
3719,0.3123259229669476
3720,0.9735234482092647
3721,0.38558842682792616
3722,0.011394001532051671
3723,0.698047410114011
3724,0.002671187216016779
3725,0.6252912142290716
3726,0.10298050187211845
3727,0.9912000421502669
3728,0.6267170044962364
3729,0.9749079864026083
3730,0.9872313604765546
3731,0.996840490934933
3732,0.9707859968343696
3733,0.9821402478412753
3734,0.019755437436628304
3735,0.20318946761598572
3736,0.9757532280532334
3737,0.009670311477835354
3738,0.32856109155088403
3739,0.2783769189627581
3740,0.024378168362044924
3741,0.9610197470382297
3742,0.06611296232421161
3743,0.9742439444894583
3744,0.10264276770784679
3745,0.9731459173459288
3746,0.09557486318715748
3747,0.00283602782904919
3748,0.11325275811353262
3749,0.19480570995925905
3750,0.18947802119270488
3751,0.0012392939674917055
3752,0.4065328153797765
3753,0.001388677035475594
3754,0.028901448749747354
3755,0.9935313348015424
3756,0.9883000755976223
3757,0.029846622696306092
3758,0.3371735021945079
3759,0.023640401172423265
3760,0.9721798213518725
3761,0.015402289962108318
3762,0.9309392637400514
3763,0.9938978272058985
3764,0.8911270908231271
3765,0.2627243977912704
3766,0.9903610642348883
3767,0.018738446868175055
3768,0.03358392223574313
3769,0.996840490934933
3770,0.9080839407226546
3771,0.05438231040871551
3772,0.4198976936559626
3773,0.6166796512278846
3774,0.11004332646966748
3775,0.012536639101621597
3776,0.10696066379139058
3777,0.9509963613804012
3778,0.7924544835823871
3779,0.963763584123533
3780,0.8155107344479848
3781,0.6476822485583146
3782,0.09270177670505232
3783,0.3946425102766854
3784,0.14920754074289072
3785,0.5581004995758339
3786,0.9965472225565595
3787,0.06391376147382341
3788,0.9591427626027497
3789,0.7781642486437093
3790,0.963128707755693
3791,0.9727395127636939
3792,0.06864319248268752
3793,0.6681456477358849
3794,0.1438088792180791
3795,0.004341336736646929
3796,0.6220753296900408
3797,0.058571616162877815
3798,0.6833601150550032
3799,0.9768129459929458
3800,0.0032544014121499622
3801,0.34918325401068434
3802,0.22887125261306562
3803,0.9396752266493141
3804,0.18424566386013871
3805,0.9966712938384216
3806,0.2391626848569874
3807,0.05727137433784822
3808,0.8979931006376581
3809,0.0012354298754271413
3810,0.9897594790389753
3811,0.16724918963292754
3812,0.12789510716301242
3813,0.9259688303508573
3814,0.06255452451041144
3815,0.8824319619339024
3816,0.0013242251765639228
3817,0.08715032081564175
3818,0.003851609534032802
3819,0.9835159275614486
3820,0.03782486680411732
3821,0.1829717826868684
3822,0.07052200056455925
3823,0.27538403026338915
3824,0.0962434296672427
3825,0.048759586270728
3826,0.9759132275183265
3827,0.17141557185127593
3828,0.14403538190012966
3829,0.004464733713156024
3830,0.72680085379822
3831,0.17297024433011934
3832,0.0468928071846726
3833,0.031204815882731652
3834,0.0020901343445608117
3835,0.9611227922146319
3836,0.1486683817069746
3837,0.7246866253540433
3838,0.7271771226986542
3839,0.11970413044681674
3840,0.0755515792784532
3841,0.42469378606466823
3842,0.15088705303693978
3843,0.20710105724575698
3844,0.20868198057346862
3845,0.11426801349584625
3846,0.11046451613581451
3847,0.9918105087646535
3848,0.04248429775399322
3849,0.010493371489028822
3850,0.9780810374794225
3851,0.976806896313628
3852,0.9895837414109164
3853,0.09439000612373552
3854,0.09241593057878998
3855,0.014346866564269206
3856,0.12559548762784564
3857,0.9268858475095807
3858,0.047647603699497304
3859,0.9780911037253048
3860,0.993923315734612
3861,0.9745207562672458
3862,0.4024529581608153
3863,0.02820873430997558
3864,0.9718892911171065
3865,0.9379457162341376
3866,0.003029105284196681
3867,0.14346208387288534
3868,0.8244025812517934
3869,0.053836834241358794
3870,0.9716508830515687
3871,0.0012354298754271413
3872,0.6747976507934703
3873,0.08147417498245152
3874,0.6100855429849247
3875,0.936558460876153
3876,0.8255627963188591
3877,0.024682332562706223
3878,0.05802934557011995
3879,0.03985865343582325
3880,0.010121117291482016
3881,0.9878617970481369
3882,0.3262790723499672
3883,0.9749079864026083
3884,0.2290324961443915
3885,0.9470719179622531
3886,0.8676594671946605
3887,0.007480850336915318
3888,0.94342761260775
3889,0.99624116084223
3890,0.9642788579393001
3891,0.22471502694758225
3892,0.23587844463223664
3893,0.09611435443438807
3894,0.13073687510662463
3895,0.9655336580215927
3896,0.9968869949566868
3897,0.9703986940344463
3898,0.14250191729105188
3899,0.9117341210015174
3900,0.6256258674950856
3901,0.002498262922642699
3902,0.009525530644114601
3903,0.29782212872465597
3904,0.17578154401746368
3905,0.9733207956737157
3906,0.9662551841627179
3907,0.9633373472293854
3908,0.06128039770821418
3909,0.2242081734328844
3910,0.11650260649154642
3911,0.971989088659165
3912,0.002021427701104304
3913,0.07460628402405978
3914,0.0027499171931159214
3915,0.14245587014852534
3916,0.907954626860576
3917,0.5964581959237382
3918,0.9931321594377556
3919,0.1267155442720909
3920,0.08490524459374149
3921,0.06387949657742478
3922,0.21165967193336926
3923,0.5084666526778303
3924,0.34918325401068434
3925,0.18005669090387863
3926,0.05606155765013185
3927,0.3420981251272789
3928,0.9836976855445473
3929,0.17771391942137243
3930,0.8905348203808388
3931,0.6932505664374364
3932,0.0027499171931159214
3933,0.015452110495864894
3934,0.06877563093418032
3935,0.12210559533233002
3936,0.8780411940543306
3937,0.0016670540213682675
3938,0.9700895993662841
3939,0.9872313604765546
3940,0.030043293951174443
3941,0.936558460876153
3942,0.9765141903876866
3943,0.856904387724099
3944,0.16106000271422727
3945,0.04143129995234051
3946,0.9765459855310422
3947,0.9664399037486022
3948,0.9967851570456272
3949,0.08705383166044772
3950,0.13050256410773992
3951,0.9780289706517145
3952,0.26610419734208984
3953,0.0020901343445608117
3954,0.9765914260763041
3955,0.06933466276658307
3956,0.99624116084223
3957,0.013945736761698841
3958,0.9418899513713298
3959,0.6926273459496198
3960,0.00208104677156288
3961,0.08844778150261577
3962,0.3589544146130326
3963,0.09037853572726812
3964,0.9198835555430059
3965,0.9172290937806167
3966,0.9968869949566868
3967,0.03393342944421854
3968,0.04965681725711933
3969,0.08358424538039617
3970,0.08539011645106871
3971,0.029708016819034615
3972,0.0015335707985801468
3973,0.3192182824079184
3974,0.003707616399472985
3975,0.7752246378007199
3976,0.013055952847566709
3977,0.025025192750723773
3978,0.011030041764601213
3979,0.029819960179533297
3980,0.06692903953453977
3981,0.0032615212446950987
3982,0.49398995206109914
3983,0.46146511819192726
3984,0.023026257183836853
3985,0.028395544207589454
3986,0.10955444068157914
3987,0.9734029894280745
3988,0.3034815666966865
3989,0.13155833609342893
3990,0.05700857370076978
3991,0.8700575105022146
3992,0.0015795855097076067
3993,0.3220443403658355
3994,0.16553320829125998
3995,0.04519540016009162
3996,0.12268660813230703
3997,0.9967227054203488
3998,0.011769902029981207
3999,0.11492369821097287
4000,0.08066113238931935
4001,0.575138007111912
4002,0.8676594671946605
4003,0.0014357042840489284
4004,0.019401513620955428
4005,0.03714793372739047
4006,0.9021428258696333
4007,0.046021253224340905
4008,0.9324242774679746
4009,0.05042204469050401
4010,0.001388677035475594
4011,0.055768497732827785
4012,0.04169056017284129
4013,0.3606842199979701
4014,0.29777391519901486
4015,0.4922377333523028
4016,0.9754293947740832
4017,0.8886348805415023
4018,0.001636469387482037
4019,0.9774240077032261
4020,0.10175745323822542
4021,0.990287990344765
4022,0.4705632197179007
4023,0.9643987553024118
4024,0.05822546690625637
4025,0.13884145921683014
4026,0.016006283553762386
4027,0.14759573684542457
4028,0.09795205651142858
4029,0.5805012091144914
4030,0.9745207562672458
4031,0.98780498803361
4032,0.9700987642685626
4033,0.23069029123834023
4034,0.9702761817155455
4035,0.03898797643915918
4036,0.013422030086138806
4037,0.0011927903706253793
4038,0.10548941385847801
4039,0.003092017629488413
4040,0.3655043484994598
4041,0.9429933559074998
4042,0.893222792889335
4043,0.2016868859935488
4044,0.2623595484963821
4045,0.9733045261502534
4046,0.08041459095508319
4047,0.0019070719484153295
4048,0.08631423708516141
4049,0.9780311464527026
4050,0.056263173090012705
4051,0.9964548619465431
4052,0.08779484685601126
4053,0.9771151676343499
4054,0.8807303750050894
4055,0.0012354298754271413
4056,0.300604077035972
4057,0.3063094936864784
4058,0.8473019010048464
4059,0.23812279659023963
4060,0.1548301928861764
4061,0.7324961647525361
4062,0.8706707824095689
4063,0.2256075104291659
4064,0.014376280189311785
4065,0.027474039937611994
4066,0.9736117046996715
4067,0.9115612941022666
4068,0.4277313740893148
4069,0.19631910823856658
4070,0.9676765365162722
4071,0.9833612093832153
4072,0.09879488932419718
4073,0.0074833046680048984
4074,0.6551067059273236
4075,0.641522934529846
4076,0.24182507928441588
4077,0.9937983503478929
4078,0.05220788868738535
4079,0.11508263445150557
4080,0.1236211112127
4081,0.23587844463223664
4082,0.0014874144444348976
4083,0.9693539836060124
4084,0.9689344524946628
4085,0.09944687623622736
4086,0.987484186070848
4087,0.6480079481804147
4088,0.031250550173507766
4089,0.9960782285404265
4090,0.9804845457653116
4091,0.07148933304449787
4092,0.0466614648584808
4093,0.0012489473990315485
4094,0.9829869473384942
4095,0.13178432496616838
4096,0.9092995736813381
4097,0.2035102217725619
4098,0.9510857785616758
4099,0.00118606461155464
4100,0.9763253950960332
4101,0.9480304307759762
4102,0.0027112514699990224
4103,0.13980526886856043
4104,0.001291248852151021
4105,0.12830262468676348
4106,0.9896972086361766
4107,0.05485801865104372
4108,0.009525530644114601
4109,0.0026222286243102713
4110,0.014889366591126144
4111,0.9817230143009414
4112,0.001636469387482037
4113,0.09188369884267075
4114,0.996928291307606
4115,0.00118606461155464
4116,0.9635308124189657
4117,0.9780344458060759
4118,0.05528106264311898
4119,0.9553981177474292
4120,0.07103980923070582
4121,0.0013690727691831326
4122,0.002520166238404601
4123,0.00118606461155464
4124,0.09410061320850445
4125,0.5816419923170644
4126,0.8762087796678621
4127,0.11715082939089623
4128,0.979867212441979
4129,0.9780447216205053
4130,0.9814258336361489
4131,0.7107232729323745
4132,0.8898945412255465
4133,0.4332566036681487
4134,0.33746024368474764
4135,0.04869106309936029
4136,0.1687208051308847
4137,0.24586196392931503
4138,0.9560622551968179
4139,0.21499978668056274
4140,0.1453884270841237
4141,0.5759995772764411
4142,0.9689344524946628
4143,0.04965645729181857
4144,0.001420673859713718
4145,0.14450218467527365
4146,0.0014357042840489284
4147,0.9867155294730557
4148,0.10687107425819509
4149,0.23568349744967712
4150,0.9831051053565947
4151,0.05527038113356174
4152,0.4160071979399783
4153,0.2318339554461749
4154,0.12139189230016767
4155,0.049609773803612284
4156,0.5816419923170644
4157,0.09502740859216334
4158,0.07523859049728612
4159,0.09193079143183254
4160,0.01906908220059883
4161,0.9821876734547343
4162,0.2539278882785311
4163,0.0014357042840489284
4164,0.09499469426139566
4165,0.001819172842721477
4166,0.15216552052271015
4167,0.9637166622147477
4168,0.9720082721435706
4169,0.9197400547694469
4170,0.14191678723312806
4171,0.06845548467101652
4172,0.9502032371212942
4173,0.9901115769909543
4174,0.8123960624130819
4175,0.996840490934933
4176,0.16807019909013585
4177,0.05376884248940181
4178,0.05333280238124584
4179,0.04295794985514739
4180,0.01117797787696306
4181,0.12214779001998885
4182,0.5414362874813333
4183,0.6013176174489862
4184,0.31240146687489295
4185,0.07714245443652376
4186,0.0014357042840489284
4187,0.10666514644476086
4188,0.08734546063534926
4189,0.606191328500061
4190,0.9773186841293842
4191,0.43175703735644433
4192,0.056578646944493806
4193,0.020221017919785825
4194,0.8691006969162057
4195,0.003851609534032802
4196,0.8639223435496767
4197,0.9785270531065727
4198,0.9893967624998823
4199,0.012298056871463889
4200,0.7714975819526014
4201,0.24799254461704537
4202,0.017635542242918186
4203,0.9520162728989492
4204,0.4768124437695648
4205,0.17286624214085045
4206,0.8627333510069434
4207,0.09103979108410272
4208,0.9767491461417561
4209,0.024801440004774085
4210,0.027114536754635356
4211,0.9329405285952841
4212,0.06198029540339805
4213,0.033209432298251
4214,0.9918460159401677
4215,0.9555879126327828
4216,0.19248956958373248
4217,0.0012489473990315485
4218,0.3037847200353314
4219,0.0012392939674917055
4220,0.8979931006376581
4221,0.14656244340634153
4222,0.06578719438400166
4223,0.021636706234343918
4224,0.8875015439858615
4225,0.21492359961094154
4226,0.4545928072402179
4227,0.09911826917600862
4228,0.3118409487679432
4229,0.9520721717916111
4230,0.9118650387785986
4231,0.17571049227394742
4232,0.9490837783807189
4233,0.0171999905660816
4234,0.1257180446083187
4235,0.9742686661635362
4236,0.13664866078779067
4237,0.9624268713752018
4238,0.9955020165923235
4239,0.790036952565284
4240,0.044976200885262996
4241,0.02219932336808336
4242,0.04349253019883717
4243,0.9909688881148258
4244,0.04791409290994265
4245,0.40281228950540154
4246,0.0012489473990315485
4247,0.0015062864919546106
4248,0.4015005481253867
4249,0.19249639047109007
4250,0.9969091142327736
4251,0.9829463137458876
4252,0.7250053770226885
4253,0.012872472071862928
4254,0.05102873192396568
4255,0.8891266286712717
4256,0.11684445217564272
4257,0.9747349686171023
4258,0.06066863482813468
4259,0.0843042859150589
4260,0.996840490934933
4261,0.9788572881824646
4262,0.06903210898694206
4263,0.021123957871397092
4264,0.019298036386062964
4265,0.20612656925368014
4266,0.7095923875751835
4267,0.2608690348163687
4268,0.17240067654613334
4269,0.9759316430456607
4270,0.9832097298877713
4271,0.996840490934933
4272,0.08140802439833725
4273,0.0022639364385787213
4274,0.2641227360310737
4275,0.7982359873612614
4276,0.2799444278870347
4277,0.2822508717660304
4278,0.013021241938963111
4279,0.0458234729511095
4280,0.13241118472012217
4281,0.9021557390570049
4282,0.1829717826868684
4283,0.02165542665837505
4284,0.5064568020555099
4285,0.0926751846951856
4286,0.6864096418614221
4287,0.9917822487947339
4288,0.17662981617061385
4289,0.9762747084506151
4290,0.9811012204729606
4291,0.16990679625616528
4292,0.5027036377094505
4293,0.05239691900796884
4294,0.9792847582283637
4295,0.02567315185156181
4296,0.8358350292520329
4297,0.9804017582951932
4298,0.2562886216554864
4299,0.6506602564043183
4300,0.05227169048702421
4301,0.9769655002785722
4302,0.01920191189429011
4303,0.11271786596146516
4304,0.8494167585916288
4305,0.08791555041541578
4306,0.13073932725539933
4307,0.18852102786878647
4308,0.17104105696363048
4309,0.30855514417311586
4310,0.24934115639133292
4311,0.04820510378642796
4312,0.9238553237547593
4313,0.001291248852151021
4314,0.4247285338105249
4315,0.13223254410008575
4316,0.9329405285952841
4317,0.3717146258920263
4318,0.017449074453387902
4319,0.0017270823578119892
4320,0.5169871127945699
4321,0.9795597119201577
4322,0.03775921389642273
4323,0.9752978445196444
4324,0.19913889781900904
4325,0.015902105322373506
4326,0.9785327652004849
4327,0.19126715514155468
4328,0.23461431352798445
4329,0.015324700669156947
4330,0.04970268982181266
4331,0.10863269347081807
4332,0.9633142998289492
4333,0.365388163945683
4334,0.09245611072277388
4335,0.09021724792770294
4336,0.7066868589557387
4337,0.09078844516328723
4338,0.9960782285404265
4339,0.9968869949566868
4340,0.08882169280037289
4341,0.11630342405689723
4342,0.021286179686825047
4343,0.09066746428449965
4344,0.013538600124402708
4345,0.021470154512365378
4346,0.09634411471276522
4347,0.238426274271194
4348,0.2261074007666696
4349,0.45507838975040554
4350,0.9807278257632964
4351,0.02702958412925916
4352,0.9825270008768305
4353,0.996840490934933
4354,0.0011927903706253793
4355,0.6148538862932089
4356,0.3033368956235366
4357,0.8606289827196959
4358,0.7517906918617278
4359,0.9546708816402832
4360,0.996840490934933
4361,0.07967578898451537
4362,0.026619671553549246
4363,0.11780788169184793
4364,0.11727410184515555
4365,0.008378120840515974
4366,0.6887319285230539
4367,0.9950932118125437
4368,0.2728293697938921
4369,0.029819960179533297
4370,0.21159622589352264
4371,0.9756772525760814
4372,0.4788769837048326
4373,0.8436051725793818
4374,0.1638989516891851
4375,0.19480570995925905
4376,0.9781975766738122
4377,0.05219084635961179
4378,0.024127130492049894
4379,0.99624116084223
4380,0.9814747418799281
4381,0.02823798957761281
4382,0.0012198932102866443
4383,0.9902505712152099
4384,0.8627333510069434
4385,0.7739925361753268
4386,0.0011927903706253793
4387,0.9922129384002084
4388,0.25132111337959606
4389,0.009568243492429618
4390,0.09381567549619278
4391,0.9747463116669928
4392,0.001388677035475594
4393,0.0018998367571925804
4394,0.9809296041749643
4395,0.17397276996605454
4396,0.21890109734352847
4397,0.7370441974359958
4398,0.08791555041541578
4399,0.10292785903184945
4400,0.023833452417356783
4401,0.8891266286712717
4402,0.015049929762856799
4403,0.9777943188142592
4404,0.1493787060249214
4405,0.08711023353026498
4406,0.013055952847566709
4407,0.0012354298754271413
4408,0.9912453892901364
4409,0.9779020847876474
4410,0.6729410083281796
4411,0.09550745661461109
4412,0.9756600890049102
4413,0.09467724624024676
4414,0.08609867737566788
4415,0.03919223355275601
4416,0.017391951505649157
4417,0.5521989017001586
4418,0.039953620947024086
4419,0.028382549417841466
4420,0.00118606461155464
4421,0.5428565391031157
4422,0.4641731488193531
4423,0.0011927903706253793
4424,0.24152650331681674
4425,0.061332236898618456
4426,0.9941658347833947
4427,0.9966711459230799
4428,0.010174903885975068
4429,0.6515943053563562
4430,0.11465625319663304
4431,0.09101714444310671
4432,0.6864096418614221
4433,0.9811372434004343
4434,0.5394137878639813
4435,0.393127967896073
4436,0.1977161103971311
4437,0.2077666781623117
4438,0.15824876973552676
4439,0.1732775162952801
4440,0.0015795855097076067
4441,0.9711176577712143
4442,0.996840490934933
4443,0.09241593057878998
4444,0.9808072198914415
4445,0.003029105284196681
4446,0.06303568959025302
4447,0.4777142216710669
4448,0.0035819492878289357
4449,0.003422655640638192
4450,0.04196278666000885
4451,0.11609388455528183
4452,0.0027112514699990224
4453,0.8886348805415023
4454,0.10420150309430583
4455,0.12716170312005629
4456,0.4652766505738954
4457,0.1363535136607732
4458,0.49923626394346526
4459,0.017238631021781456
4460,0.037045402334284445
4461,0.958149163092897
4462,0.11208373826708048
4463,0.04677462864211053
4464,0.01716687288864285
4465,0.7185314853051431
4466,0.004308891700832592
4467,0.10867574540150898
4468,0.21900418767002544
4469,0.0027619175241505845
4470,0.9692574503184592
4471,0.9380695936612116
4472,0.0012354298754271413
4473,0.05500278369843506
4474,0.24978635479031572
4475,0.33332883190256213
4476,0.9662216360044049
4477,0.10723065813836827
4478,0.020473522314057576
4479,0.24789879217591781
4480,0.0013690727691831326
4481,0.526939365421167
4482,0.9824137676943974
4483,0.06019999964683246
4484,0.9703352718143177
4485,0.9910322278560709
4486,0.9782077755423152
4487,0.15405406063946345
4488,0.49642901211368223
4489,0.2741382902388263
4490,0.08293615470445191
4491,0.9092995736813381
4492,0.8139708745530931
4493,0.9445297077749726
4494,0.7354406057320386
4495,0.17503310351533335
4496,0.11639840374106776
4497,0.3089237116782501
4498,0.0033080102186940977
4499,0.6088479964526442
4500,0.0035819492878289357
4501,0.013500355687421544
4502,0.9968869949566868
4503,0.01167272802816007
4504,0.05187460746176527
4505,0.985285096282698
4506,0.9784846710845542
4507,0.49464050146533384
4508,0.08151627294340033
4509,0.5503907984453212
4510,0.17481680794409382
4511,0.5290821351127192
4512,0.9687218918135071
4513,0.1153529431303547
4514,0.9695253271846229
4515,0.1012414822717491
4516,0.962811493548943
4517,0.34918325401068434
4518,0.014844085551711749
4519,0.9752841713681546
4520,0.0035819492878289357
4521,0.6803203703956421
4522,0.09869047150932878
4523,0.013422030086138806
4524,0.004521569459015671
4525,0.8861551885114578
4526,0.6185035871698088
4527,0.9903695496684555
4528,0.38233953505090196
4529,0.1801091848505221
4530,0.04802456695440603
4531,0.9963497875093961
4532,0.0017162393294918293
4533,0.12239784426574499
4534,0.023155589127291605
4535,0.08994508824136288
4536,0.1266067078470381
4537,0.2818127197510988
4538,0.002314927229562643
4539,0.5060080604506563
4540,0.3483498688613179
4541,0.12829498492489305
4542,0.9765082780922527
4543,0.018859239949561117
4544,0.01683637037171827
4545,0.09750159003656245
4546,0.08405181592120715
4547,0.996840490934933
4548,0.9935020286560307
4549,0.058306892475401224
4550,0.9773944229131406
4551,0.0012392939674917055
4552,0.9891301474392428
4553,0.37037306268312226
4554,0.03778955936883321
4555,0.065478320955038
4556,0.9808072198914415
4557,0.9220841252759623
4558,0.04966030040992056
4559,0.9700957209356443
4560,0.15387106605709291
4561,0.30930221686511755
4562,0.07177834648685195
4563,0.9743101398775985
4564,0.4846050718338538
4565,0.016379295001401437
4566,0.9736117046996715
4567,0.8627333510069434
4568,0.0061682477010056415
4569,0.08322316930122418
4570,0.2733707307640382
4571,0.0897398102531523
4572,0.9902505712152099
4573,0.6579899311039169
4574,0.985029217935361
4575,0.9964548619465431
4576,0.0012354298754271413
4577,0.5220241028156873
4578,0.0414049525107692
4579,0.001636469387482037
4580,0.9721794546342604
4581,0.012298056871463889
4582,0.10398160962114575
4583,0.002498262922642699
4584,0.2500656491723502
4585,0.9569402748101853
4586,0.5852243089675868
4587,0.05796174829154049
4588,0.06108570361021841
4589,0.06647723604521591
4590,0.05670265787832468
4591,0.7862413889221661
4592,0.06892023058771694
4593,0.6729157326933956
4594,0.03634698108519654
4595,0.02148097044068971
4596,0.018721197656034864
4597,0.41181703165733
4598,0.19392963982226866
4599,0.002074703887009506
4600,0.9441348660995982
4601,0.4161652928831721
4602,0.03837077343518745
4603,0.07126023692907274
4604,0.1338998930052679
4605,0.0019070719484153295
4606,0.0810276816064603
4607,0.9471874645100222
4608,0.14134368043137954
4609,0.03253570266409227
4610,0.052586371515277876
4611,0.9782107556581289
4612,0.0916283930374169
4613,0.9740335169499392
4614,0.07997511979112376
4615,0.0011927903706253793
4616,0.12900877349303053
4617,0.9295804472237426
4618,0.02729723855853933
4619,0.007658438595615871
4620,0.4871019950997628
4621,0.2780141194147277
4622,0.049978750531412076
4623,0.99213941999904
4624,0.013573821330104928
4625,0.06661096421598284
4626,0.9151181636308957
4627,0.7501134156904715
4628,0.012504441880825789
4629,0.539721150071564
4630,0.9779421716392506
4631,0.27078490660331556
4632,0.00979623898372834
4633,0.9736117046996715
4634,0.23984834329404012
4635,0.05931306639219504
4636,0.09721314401113669
4637,0.9909684854806502
4638,0.9795510398219109
4639,0.9430257308373483
4640,0.8674267845290322
4641,0.8252615010666159
4642,0.9421579595971737
4643,0.9781340164134857
4644,0.06414836560859655
4645,0.18524537212020242
4646,0.33276712556418203
4647,0.06019999964683246
4648,0.0020901343445608117
4649,0.0016839745995188052
4650,0.1896650762693089
4651,0.032513951296257955
4652,0.07718308001360046
4653,0.011946832622735958
4654,0.9967435800259152
4655,0.9964548619465431
4656,0.0012354298754271413
4657,0.3538748259643208
4658,0.2152460020293015
4659,0.8307644711746427
4660,0.9126167722296638
4661,0.9766637737540858
4662,0.001388677035475594
4663,0.0027112514699990224
4664,0.1532886240539371
4665,0.45846442088329425
4666,0.4947742048671028
4667,0.03341421126829463
4668,0.0032544014121499622
4669,0.013872664735980188
4670,0.17789640219661113
4671,0.1751482083880833
4672,0.013441331039280387
4673,0.8675550365014862
4674,0.6367265529622776
4675,0.05051001099455752
4676,0.018040525339626582
4677,0.001566745552477791
4678,0.6211197083775379
4679,0.977593165522818
4680,0.07824789506637055
4681,0.9966712938384216
4682,0.8309986020208531
4683,0.04032950678105653
4684,0.06353655724499838
4685,0.9277820520447302
4686,0.9902457863977295
4687,0.07009204370125664
4688,0.2133567898917653
4689,0.9777943188142592
4690,0.9797059974579174
4691,0.8756859331644291
4692,0.9723142088119752
4693,0.9424123278135366
4694,0.0012237087673843
4695,0.9906524755925986
4696,0.996840490934933
4697,0.11575049494793496
4698,0.990818972372016
4699,0.13424433495993016
4700,0.8373136619300965
4701,0.014894943011200167
4702,0.8857719504824048
4703,0.3738316164823337
4704,0.9746998964745989
4705,0.9964833100638577
4706,0.30279389811004453
4707,0.13763572497927312
4708,0.31695943746682564
4709,0.179488500384431
4710,0.9668126636352884
4711,0.9759096407123662
4712,0.02269378731640842
4713,0.3827866584885894
4714,0.9797296247187994
4715,0.10653581065666372
4716,0.07910871036768316
4717,0.05311931715815982
4718,0.0496073373634764
4719,0.9759626188518723
4720,0.1618842528278247
4721,0.03661754330373137
4722,0.9639319850546313
4723,0.011060632548921088
4724,0.32122379202411605
4725,0.12350886149921744
4726,0.025521708796405015
4727,0.9750394467498639
4728,0.07738726599865837
4729,0.9797008254479578
4730,0.9902128739979335
4731,0.9737798228101919
4732,0.1310439004090664
4733,0.02412836374192523
4734,0.9528763270196048
4735,0.9759626188518723
4736,0.08607712713597723
4737,0.00118606461155464
4738,0.12038669071100346
4739,0.17116079288182615
4740,0.9913173183222123
4741,0.3832938675330957
4742,0.09696462035613457
4743,0.058574033733734675
4744,0.9722122107441581
4745,0.05203988871257065
4746,0.058704255317831376
4747,0.0046946409107536035
4748,0.6080614308582245
4749,0.9498346675350555
4750,0.05956327910447067
4751,0.9783154750438501
4752,0.37481656903120514
4753,0.17803452399329892
4754,0.02986589576313825
4755,0.4967679066843268
4756,0.005813616524463368
4757,0.03661949187433418
4758,0.21164484114504753
4759,0.7760617823612285
4760,0.6913684777629374
4761,0.9965472225565595
4762,0.1688873388031169
4763,0.5300433616320475
4764,0.9918506302426429
4765,0.7450956930887109
4766,0.9968080604987309
4767,0.7185267958391595
4768,0.9102464899554639
4769,0.02577185016135517
4770,0.9932358408511761
4771,0.0012489473990315485
4772,0.026528481935348264
4773,0.07720710427212203
4774,0.041129898024268634
4775,0.9092995736813381
4776,0.01673748793881683
4777,0.9610261538533618
4778,0.1083123287316647
4779,0.31935004402028094
4780,0.062039541593554764
4781,0.10313472916786619
4782,0.2715692465696966
4783,0.937761932155053
4784,0.8627333510069434
4785,0.9731800371897822
4786,0.039499713786887256
4787,0.9624596707794715
4788,0.9968869949566868
4789,0.016999014802492808
4790,0.6102063738762068
4791,0.34903568105905464
4792,0.029865163891421156
4793,0.9950932118125437
4794,0.0648490401527176
4795,0.014537105356906136
4796,0.9817519178016296
4797,0.9819439792638334
4798,0.996476847421488
4799,0.018140115437634528
4800,0.0855340531583529
4801,0.08417568572033325
4802,0.05865792998231609
4803,0.17517265780920518
4804,0.9609207255241553
4805,0.993852928596558
4806,0.15188053138172516
4807,0.09615047183431834
4808,0.996840490934933
4809,0.493875508561487
4810,0.08523333899483809
4811,0.022553011672290575
4812,0.978856713225753
4813,0.9816968174673418
4814,0.023370739877397583
4815,0.9794931092021243
4816,0.5234766913650338
4817,0.32740185882292555
4818,0.9811345684824098
4819,0.028816966459174986
4820,0.025345490431186106
4821,0.5418250266263428
4822,0.7014533238116196
4823,0.18250810605088577
4824,0.0012489473990315485
4825,0.29098996097359814
4826,0.11956473686719857
4827,0.08125996551169193
4828,0.982554005956151
4829,0.10078901772669098
4830,0.02448628974329899
4831,0.5816419923170644
4832,0.49914101851412557
4833,0.17318987091138993
4834,0.0046946409107536035
4835,0.01113589943976222
4836,0.013710185890270813
4837,0.988840673212336
4838,0.05004052457357035
4839,0.02348259830470201
4840,0.9965472225565595
4841,0.9783260338025628
4842,0.04738068498030692
4843,0.46077665125993866
4844,0.2146368101632446
4845,0.03684992283293005
4846,0.9820076043252532
4847,0.20919563027027474
4848,0.9325879334446522
4849,0.003851609534032802
4850,0.9749759805838328
4851,0.9138660411808585
4852,0.0025277357634843054
4853,0.9670505884327967
4854,0.991589304903352
4855,0.13250369132066464
4856,0.9954516846834505
4857,0.39789990431649624
4858,0.33982540482979057
4859,0.9132886579761654
4860,0.7139865454664257
4861,0.8422686783374802
4862,0.9524799491261967
4863,0.0046946409107536035
4864,0.10787038360057431
4865,0.6149267267409877
4866,0.43670329997714014
4867,0.9822307826570156
4868,0.6858624986261038
4869,0.0014357042840489284
4870,0.29412820699903114
4871,0.062171298393789355
4872,0.058399563423186765
4873,0.49951106655167815
4874,0.6251461670260127
4875,0.14305456291050772
4876,0.90310798842977
4877,0.38233953505090196
4878,0.020506501298106605
4879,0.9871667021060645
4880,0.03843008358563096
4881,0.0015795855097076067
4882,0.0033080102186940977
4883,0.05823016271701831
4884,0.09966114837988416
4885,0.8270274198393549
4886,0.6993209045171647
4887,0.0012079822691479281
4888,0.9269424832469233
4889,0.8620278282998403
4890,0.9767306560732044
4891,0.14578729549481897
4892,0.19911891037794593
4893,0.41632114326284625
4894,0.9895831954517366
4895,0.07364177680731519
4896,0.013186588921777175
4897,0.3160327376870654
4898,0.5515850373345357
4899,0.9765902869206936
4900,0.8408064324577789
4901,0.0526557769379306
4902,0.9784942370525783
4903,0.9483507581547259
4904,0.010982682175515322
4905,0.2322957163475763
4906,0.2164685601467314
4907,0.4721926400647417
4908,0.07410341440562909
4909,0.1555286762890188
4910,0.2843019707588233
4911,0.9872160829443886
4912,0.9459719307344854
4913,0.08202235030426244
4914,0.030663031399661096
4915,0.24577046547069875
4916,0.10970629990882033
4917,0.9964548619465431
4918,0.009316094328320326
4919,0.013975438006978745
4920,0.9904888358047514
4921,0.16456281092718902
4922,0.07417841796992483
4923,0.0708918248804741
4924,0.051773790128505276
4925,0.8779792327065876
4926,0.9741127756725977
4927,0.020932575674783294
4928,0.0158972899630011
4929,0.9959646902360315
4930,0.013710185890270813
4931,0.01662255944812251
4932,0.04406727636857624
4933,0.6671802514600131
4934,0.5483664018871207
4935,0.9495139679062489
4936,0.06045003209579668
4937,0.7040463089982172
4938,0.03058079939265436
4939,0.8861551885114578
4940,0.5032580207589117
4941,0.9259955988689677
4942,0.8072775649120976
4943,0.0027499171931159214
4944,0.03375444141359671
4945,0.04223442526765259
4946,0.992185235237041
4947,0.2185371328378856
4948,0.9968403505142471
4949,0.7492331598116297
4950,0.23812279659023963
4951,0.971930441368253
4952,0.01825057557153168
4953,0.13064613782656023
4954,0.5573437957340444
4955,0.0012489473990315485
4956,0.9807368900998192
4957,0.08703707932108459
4958,0.9107384920316517
4959,0.9850556165736378
4960,0.9820094883837719
4961,0.09760934884086447
4962,0.008772799738861128
4963,0.17009339767415052
4964,0.3754846097829772
4965,0.8496466824652421
4966,0.6560024769104782
4967,0.00333350066310913
4968,0.14974707241642893
4969,0.34918325401068434
4970,0.023001515870360013
4971,0.1918700470329082
4972,0.9957215684228251
4973,0.9746998964745989
4974,0.9610202501855616
4975,0.8627333510069434
4976,0.8655641924044822
4977,0.15678344168414446
4978,0.9735989800028378
4979,0.0027499171931159214
4980,0.01418886049713759
4981,0.9770478815450399
4982,0.31757876690091785
4983,0.16887112665700932
4984,0.8099433530369389
4985,0.13050256410773992
4986,0.0807692445598535
4987,0.9770931892026985
4988,0.07665945181018592
4989,0.05628261373459801
4990,0.9955020165923235
4991,0.001291248852151021
4992,0.041716644670237855
4993,0.060292818999411565
4994,0.029140336652874122
4995,0.6635660022778963
4996,0.5952617204084147
4997,0.8620278282998403
4998,0.41786685773977217
4999,0.3069904657586337
5000,0.11146997277984112
5001,0.8765581188528828
5002,0.033472037874883405
5003,0.0012489473990315485
5004,0.07355022526480895
5005,0.276227961643802
5006,0.9737798228101919
5007,0.9780289706517145
5008,0.9249571331583903
5009,0.27299109196508997
5010,0.02715050674153275
5011,0.6276564522388687
5012,0.10102427864139488
5013,0.01851351990990551
5014,0.06061295350503969
5015,0.10639129831725336
5016,0.0012237087673843
5017,0.07331568617163367
5018,0.0312009356322343
5019,0.002074703887009506
5020,0.05237022127130577
5021,0.03635748192798856
5022,0.0012812688813860235
5023,0.046799673746409566
5024,0.0012354298754271413
5025,0.0019896258484361873
5026,0.9906242571926156
5027,0.14517808347220817
5028,0.29873405176229806
5029,0.9089834095229878
5030,0.9629422435646612
5031,0.7782696613410265
5032,0.9734597148495199
5033,0.9759227267535657
5034,0.1631642808946325
5035,0.4356847549296701
5036,0.9270178727543865
5037,0.9717517089905859
5038,0.7396198197599689
5039,0.3831319116552653
5040,0.9813835260505571
5041,0.0013242251765639228
5042,0.4607204143776712
5043,0.19915353207618594
5044,0.4843531062169191
5045,0.03403558337151621
5046,0.38707452365164063
5047,0.30163900815141487
5048,0.07538021974440853
5049,0.9350089405742545
5050,0.05314580488073925
5051,0.9714025271564184
5052,0.01546718660122562
5053,0.6701649452744174
5054,0.2843019707588233
5055,0.9696995654597024
5056,0.10255063191620684
5057,0.820706078182479
5058,0.03580911967807747
5059,0.01403304432816385
5060,0.00118606461155464
5061,0.7163644461607254
5062,0.15601592700516217
5063,0.029893532284640485
5064,0.07756958815047703
5065,0.6392231200832482
5066,0.2195272575383348
5067,0.13424433495993016
5068,0.9568672859324295
5069,0.05106027235548193
5070,0.002851583884120044
5071,0.051505505053161454
5072,0.3960943450538402
5073,0.9767780577506892
5074,0.049153469687628674
5075,0.02821931031534992
5076,0.0011927903706253793
5077,0.03546658934696444
5078,0.0011927903706253793
5079,0.11566770227426187
5080,0.31630454119652995
5081,0.9666188330932206
5082,0.9550277995513681
5083,0.996840490934933
5084,0.3791714143090673
5085,0.0038736938667449225
5086,0.996476847421488
5087,0.5349931071907774
5088,0.1231424283647356
5089,0.8764137411711103
5090,0.11542785261405282
5091,0.5012011526940422
5092,0.02160999195762064
5093,0.051698191693537246
5094,0.37128505014788427
5095,0.9126167722296638
5096,0.00975683836509006
5097,0.11976213846249642
5098,0.2229439738946385
5099,0.04597339898337473
5100,0.19342344314625115
5101,0.9783640671461851
5102,0.09196488507529486
5103,0.05928714569387759
5104,0.08691699724568852
5105,0.13068101361093165
5106,0.6748885539241567
5107,0.3089067909895781
5108,0.001984354467571444
5109,0.956439752648648
5110,0.9766274681003755
5111,0.07617284403587106
5112,0.14209793220625558
5113,0.0317712532804189
5114,0.8627333510069434
5115,0.6228092806797556
5116,0.02457236443098532
5117,0.3831319116552653
5118,0.861742843372309
5119,0.7979421237460209
5120,0.013990354946597486
5121,0.24588707557741857
5122,0.030986165135959302
5123,0.24830145809017004
5124,0.5529657580940491
5125,0.9757036746344657
5126,0.08570841865919149
5127,0.03376807299474185
5128,0.9605429909717891
5129,0.67818706528241
5130,0.2847076215587937
5131,0.6939455074831022
5132,0.09076913490280912
5133,0.5994380006264054
5134,0.2387430424719063
5135,0.06590595661002448
5136,0.025845933742155294
5137,0.021186287941377852
5138,0.9138660411808585
5139,0.911858516640243
5140,0.04385656300392523
5141,0.9964548619465431
5142,0.01411259546016061
5143,0.8378482785469628
5144,0.34233063544057196
5145,0.9118833471274944
5146,0.08021161011131434
5147,0.9920382129563913
5148,0.0014357042840489284
5149,0.9802339396523845
5150,0.3509513035193136
5151,0.102123216924749
5152,0.056779088628474174
5153,0.14510722575822846
5154,0.8723246311169959
5155,0.5901292453147577
5156,0.7116846150574392
5157,0.9575426964617322
5158,0.40416756469390863
5159,0.06309016316374451
5160,0.9968403505142471
5161,0.5135165120492277
5162,0.07320838953973052
5163,0.1501602517866497
5164,0.335303487402918
5165,0.2224834591919465
5166,0.6561822267635732
5167,0.13978535836925576
5168,0.03595398671983225
5169,0.13073967821433824
5170,0.4671973180488398
5171,0.9811763681359902
5172,0.06917438578977807
5173,0.27873361619861403
5174,0.8499175909578993
5175,0.3847035828018719
5176,0.1687744294531577
5177,0.07140710433006889
5178,0.1511587945765977
5179,0.07911922583790514
5180,0.9545206869751413
5181,0.010470163302453234
5182,0.8939947212540352
5183,0.8836819788672865
5184,0.7266341979531928
5185,0.03963110081916518
5186,0.03563371516618535
5187,0.5981801804799655
5188,0.00208104677156288
5189,0.8620278282998403
5190,0.06525018377298172
5191,0.9335876755175568
5192,0.018133373133689526
5193,0.9797193505784978
5194,0.08137110003134207
5195,0.0401506277884102
5196,0.07253138136672403
5197,0.8570437258148123
5198,0.9877935150716418
5199,0.07741008104040913
5200,0.21443982223806396
5201,0.9471874645100222
5202,0.07903443379654905
5203,0.7567056988564693
5204,0.8933860423813639
5205,0.2048974028997042
5206,0.12321628218576716
5207,0.4375769257971984
5208,0.6371237906061911
5209,0.26731682106739546
5210,0.991096274640382
5211,0.9743479072674908
5212,0.07373288627482638
5213,0.9698127841717888
5214,0.5827657302944298
5215,0.8494542033059003
5216,0.9760026718591539
5217,0.0035819492878289357
5218,0.13705746873767238
5219,0.9823475480235515
5220,0.1595309799398466
5221,0.0012354298754271413
5222,0.02503261700640914
5223,0.0029571253781337423
5224,0.9217125043471158
5225,0.060500199412585415
5226,0.02194854556968947
5227,0.02035515131832734
5228,0.9967435800259152
5229,0.14655653866077686
5230,0.9813398986585435
5231,0.9829308566644372
5232,0.10289075695852443
5233,0.6359695602663162
5234,0.9753368976123237
5235,0.6729157326933956
5236,0.04272076562104281
5237,0.0318041261690372
5238,0.3566932488680015
5239,0.11448444781776762
5240,0.030286513517978897
5241,0.9782062975916648
5242,0.9676283300127395
5243,0.0014091238225453267
5244,0.06784247795895167
5245,0.001566745552477791
5246,0.5316417443928004
5247,0.5889868036480769
5248,0.018034415707280267
5249,0.08536203426048909
5250,0.9665941026633147
5251,0.7575192024720301
5252,0.11666481405431321
5253,0.0251167207512905
5254,0.04629017607698567
5255,0.04651648690231149
5256,0.04677462864211053
5257,0.002949362039669411
5258,0.003152233008770091
5259,0.25951983232692155
5260,0.12554082427164628
5261,0.08201807624633113
5262,0.2125190279641992
5263,0.5530295885972121
5264,0.7117404711048225
5265,0.9269424832469233
5266,0.9528702411251025
5267,0.014560666148866369
5268,0.7027150465512287
5269,0.014982589608978627
5270,0.9749079864026083
5271,0.9735800726873544
5272,0.5312667073029883
5273,0.9798077926563734
5274,0.024238631040081057
5275,0.7894136823059255
5276,0.0027153343036803793
5277,0.09790548359272128
5278,0.13543680471310593
5279,0.015053204262460816
5280,0.1620184115793993
5281,0.12242531674008081
5282,0.001572714223758985
5283,0.005813616524463368
5284,0.7692849699317736
5285,0.8084550796388922
5286,0.3354759664247212
5287,0.9141174580438973
5288,0.18081784058597414
5289,0.09188411902320374
5290,0.893222792889335
5291,0.4848529603673853
5292,0.8941206025096513
5293,0.0244122965698778
5294,0.06990018575954135
5295,0.23968219796040385
5296,0.0061682477010056415
5297,0.32924093263139087
5298,0.9884400214576623
5299,0.9708768973629386
5300,0.021570019683029018
5301,0.9782998442511825
5302,0.9904010964351266
5303,0.06536418845592464
5304,0.7066868589557387
5305,0.15479556170752798
5306,0.8348898477291817
5307,0.001388677035475594
5308,0.00118606461155464
5309,0.09100888914397524
5310,0.042332870658880105
5311,0.08755405428258503
5312,0.10157854922755669
5313,0.049949221316263746
5314,0.9790127237205001
5315,0.07357050228253242
5316,0.06845089448111862
5317,0.977461887918251
5318,0.34271913329375187
5319,0.6552431539846517
5320,0.18250810605088577
5321,0.09413317298156784
5322,0.9796519387444976
5323,0.10528647374120549
5324,0.33415741586504727
5325,0.035830302948209075
5326,0.9832184396232906
5327,0.02513925932536179
5328,0.03248543455934556
5329,0.08435106886204143
5330,0.7392638738150735
5331,0.6873614226786204
5332,0.262206784112757
5333,0.7731639874293801
5334,0.024235657462514812
5335,0.517746956790153
5336,0.7621790250386276
5337,0.005883679701526399
5338,0.08098999247836093
5339,0.1724996997095836
5340,0.03174581583956273
5341,0.49951106655167815
5342,0.016808847559181685
5343,0.052166960738853296
5344,0.0647143707215939
5345,0.06171461279379603
5346,0.3767713436360166
5347,0.06160705754602245
5348,0.0011890711031545347
5349,0.29782212872465597
5350,0.24830145809017004
5351,0.654499805475364
5352,0.9774355508506589
5353,0.2949264717585552
5354,0.122211189872428
5355,0.03124938375138245
5356,0.9906242571926156
5357,0.08775728008554101
5358,0.004205747796210205
5359,0.8786305790799782
5360,0.7459679315029576
5361,0.0017162393294918293
5362,0.12184518996391316
5363,0.4346472333904351
5364,0.9138660411808585
5365,0.1410477070206567
5366,0.12601977790272806
5367,0.00911522739192473
5368,0.0013690727691831326
5369,0.9955966050804345
5370,0.05410468333157643
5371,0.9968869949566868
5372,0.936558460876153
5373,0.07040978051340702
5374,0.49951106655167815
5375,0.36028663059330734
5376,0.0020901665977828797
5377,0.9782987971884146
5378,0.6684466905919171
5379,0.4198976936559626
5380,0.0012079822691479281
5381,0.08129370174941414
5382,0.047488700521310385
5383,0.7420347255867171
5384,0.08925603056723717
5385,0.6710227852116237
5386,0.04262514701769243
5387,0.00525490632840897
5388,0.8807303750050894
5389,0.9849826627880444
5390,0.003851609534032802
5391,0.41240053995722425
5392,0.16731758071946887
5393,0.04620088246196716
5394,0.26389531318930637
5395,0.0012354298754271413
5396,0.996840490934933
5397,0.08451110816051773
5398,0.6469700756397805
5399,0.8655641924044822
5400,0.059547739966399414
5401,0.9128239134220745
5402,0.8706707824095689
5403,0.06019999964683246
5404,0.9690735420937063
5405,0.19445436633037502
5406,0.05652424493443057
5407,0.0013629660425798066
5408,0.9849437166262207
5409,0.8011297612535877
5410,0.6339166402373083
5411,0.03840454802479046
5412,0.9715897916115631
5413,0.08186924776927866
5414,0.019918545542315137
5415,0.9741027606350816
5416,0.9591663750688101
5417,0.008069420661955802
5418,0.023168350364463266
5419,0.11769913640030287
5420,0.012495825331168423
5421,0.03541290103472874
5422,0.46971005840482577
5423,0.11009488129187842
5424,0.18689700472864865
5425,0.20884980044262563
5426,0.0014357042840489284
5427,0.8901550946810897
5428,0.0012354298754271413
5429,0.0020901343445608117
5430,0.05751060096764273
5431,0.49432597735858674
5432,0.026317333837405397
5433,0.0012354298754271413
5434,0.9021557390570049
5435,0.17960843553117378
5436,0.06933466276658307
5437,0.08030780364224614
5438,0.0020901343445608117
5439,0.0020775054759707826
5440,0.9721794546342604
5441,0.005883679701526399
5442,0.02991663443284868
5443,0.11596541092978864
5444,0.09858313659299603
5445,0.7607743553749847
5446,0.23417666031745438
5447,0.11633639551895827
5448,0.1925289762852574
5449,0.04636650992116092
5450,0.9138660411808585
5451,0.5836537693516402
5452,0.0014874144444348976
5453,0.003851609534032802
5454,0.0434993754818018
5455,0.00118606461155464
5456,0.04344020005102679
5457,0.4507907866329282
5458,0.03359683672456872
5459,0.0017188847811428268
5460,0.2780941452485756
5461,0.17036178908700772
5462,0.976635921339474
5463,0.0980235627928003
5464,0.8625201008465178
5465,0.9729322651745395
5466,0.2168489738561648
5467,0.10386203648320326
5468,0.002498262922642699
5469,0.6043294262218645
5470,0.10562617279595415
5471,0.09584050213047761
5472,0.050655339048611935
5473,0.1461395359016764
5474,0.0012198932102866443
5475,0.002778902049736443
5476,0.042502464020540524
5477,0.017707195529648386
5478,0.04158186964784023
5479,0.17384585890065737
5480,0.15646320205630523
5481,0.1336222864115021
5482,0.07394297505501461
5483,0.05610209853949631
5484,0.6671802514600131
5485,0.12252915765434673
5486,0.07277980827570733
5487,0.04674967077521885
5488,0.6084464776395458
5489,0.9104119403858558
5490,0.9967435800259152
5491,0.14359165928288517
5492,0.9698677276716378
5493,0.012419031508991808
5494,0.39488616478545174
5495,0.9824986775610235
5496,0.10805623603969397
5497,0.9270552117931663
5498,0.977480244390371
5499,0.035644867521590115
5500,0.019151267265915355
5501,0.8786825660770352
5502,0.017660409153601127
5503,0.9675147831629881
5504,0.14366799706131958
5505,0.24509135147883662
5506,0.27521653347211483
5507,0.001566745552477791
5508,0.7527189186466811
5509,0.28062332017755215
5510,0.015209866801176789
5511,0.9385411621360652
5512,0.027153117118605845
5513,0.4669900981835338
5514,0.9753711542136875
5515,0.8419157483333765
5516,0.22140745144898857
5517,0.9687143953831671
5518,0.10023345395576176
5519,0.1034741256816543
5520,0.0013242251765639228
5521,0.7615838866113998
5522,0.05525233215674402
5523,0.06242425147732804
5524,0.018070899424667074
5525,0.9699347327895174
5526,0.9902128739979335
5527,0.8252615010666159
5528,0.6392231200832482
5529,0.28578001752943094
5530,0.9264643844901906
5531,0.2655751397676751
5532,0.10543925393832076
5533,0.11495421984625664
5534,0.23461431352798445
5535,0.14304096747579095
5536,0.042816327055141344
5537,0.983766639795075
5538,0.15687671924817834
5539,0.9560668239147881
5540,0.45361984760454443
5541,0.01647705193827105
5542,0.9304041652956102
5543,0.019442480530885334
5544,0.17191575691203953
5545,0.08468396687979622
5546,0.020644729197549005
5547,0.9557833647446883
5548,0.583309120068208
5549,0.05629330817187786
5550,0.17499569061268822
5551,0.0029157716179845634
5552,0.019032557841151394
5553,0.0423671262127963
5554,0.07371297519186444
5555,0.11632326047283573
5556,0.06563355828190504
5557,0.0068120005779224975
5558,0.023191706375608814
5559,0.6453424878147465
5560,0.06060228399178421
5561,0.013813740194695147
5562,0.735517955326931
5563,0.9233819591278634
5564,0.9611083416073548
5565,0.0012354298754271413
5566,0.9537704968606622
5567,0.9249571331583903
5568,0.36875119088003755
5569,0.044807448155693465
5570,0.009906919657131186
5571,0.059999536033487
5572,0.2222033791962425
5573,0.907954626860576
5574,0.687450910531333
5575,0.9969091142327736
5576,0.24652038679457594
5577,0.2609360051489688
5578,0.15368892574329227
5579,0.9816386976069997
5580,0.0017495653959286722
5581,0.12267845850634199
5582,0.973204117708952
5583,0.06387703414507975
5584,0.5053139813708509
5585,0.9965051197341577
5586,0.3970839375987255
5587,0.0014386958427313851
5588,0.9910951175756562
5589,0.09647374963595656
5590,0.033305663003680305
5591,0.09942107973557014
5592,0.1869501748274961
5593,0.651597796489344
5594,0.9747755508810222
5595,0.05542038657008557
5596,0.9685043505756232
5597,0.9700899927838809
5598,0.06303638780973034
5599,0.03616579802585986
5600,0.9783229074286208
5601,0.19995334430453046
5602,0.9808072198914415
5603,0.9950932118125437
5604,0.04265428521125725
5605,0.99624116084223
5606,0.1622253098555218
5607,0.6931839783002983
5608,0.1271964132827979
5609,0.025761888571838823
5610,0.002314927229562643
5611,0.9967851570456272
5612,0.06764902155181879
5613,0.5636517518247396
5614,0.18281064868942112
5615,0.13199390797140612
5616,0.008467481390225726
5617,0.5141760145120642
5618,0.9969091142327736
5619,0.056628305887182366
5620,0.893222792889335
5621,0.9968869949566868
5622,0.6663162459326905
5623,0.10914037115249944
5624,0.9940610842155482
5625,0.03423688211386185
5626,0.8858226886371494
5627,0.9735507951739605
5628,0.9191376962295434
5629,0.8105940563204129
5630,0.989611312143924
5631,0.03458174230765642
5632,0.7502434205368947
5633,0.009699596164396529
5634,0.0908338114896335
5635,0.08014090323707364
5636,0.9963390113812673
5637,0.23430771646430928
5638,0.966290376069344
5639,0.4066301923577617
5640,0.10238480219140716
5641,0.2913666807035672
5642,0.31630454119652995
5643,0.9963497875093961
5644,0.09051760550795951
5645,0.0015795855097076067
5646,0.0960641433202676
5647,0.7651817237172086
5648,0.9911234828889947
5649,0.25846707723248746
5650,0.8627333510069434
5651,0.07127932585711778
5652,0.14329117519023446
5653,0.9780344458060759
5654,0.050186373022951355
5655,0.4274452374215397
5656,0.022844491728965872
5657,0.9963240935988215
5658,0.6386972867415736
5659,0.019659413409354128
5660,0.00118606461155464
5661,0.1726845490858783
5662,0.7132125202924119
5663,0.001636469387482037
5664,0.2501822698374888
5665,0.028101525674600634
5666,0.05510024851018168
5667,0.9800350029822937
5668,0.9964548619465431
5669,0.009670311477835354
5670,0.18006853014354857
5671,0.0011927903706253793
5672,0.37027470711132443
5673,0.974128734187061
5674,0.5771918119051743
5675,0.8928691717516636
5676,0.8322147801988379
5677,0.0032292864403885347
5678,0.8387025607156648
5679,0.054192271825930324
5680,0.04312402857563038
5681,0.6646194150051973
5682,0.0012168088818657274
5683,0.03262173499967181
5684,0.1171725374563849
5685,0.0015795855097076067
5686,0.044261985372270315
5687,0.05255167525424827
5688,0.5861745484885429
5689,0.2500371439849371
5690,0.25985354345903844
5691,0.1255277343833494
5692,0.09796898332659468
5693,0.3606842199979701
5694,0.10398160962114575
5695,0.001915401261510043
5696,0.4327116984129919
5697,0.15172343933668048
5698,0.9212675542872119
5699,0.06633439651949465
5700,0.5825493475428493
5701,0.008889576296250243
5702,0.9664120436801008
5703,0.051052442346346184
5704,0.1660713025291873
5705,0.07484771152615337
5706,0.9833525496965053
5707,0.9474698075518401
5708,0.4607861284228239
5709,0.9814489070824799
5710,0.049342344675578485
5711,0.03612357921496392
5712,0.23735087611629896
5713,0.9893147269272079
5714,0.014705359956043882
5715,0.5414362874813333
5716,0.30207626708201823
5717,0.8587269871755754
5718,0.9864481237124471
5719,0.5982558032584533
5720,0.08249931781775754
5721,0.29214148333766826
5722,0.9968403505142471
5723,0.5533146162147828
5724,0.9926264137610588
5725,0.41490686577060304
5726,0.15195854826492183
5727,0.5312178064859723
5728,0.9737585078019293
5729,0.025414287109571852
5730,0.030504923963008707
5731,0.9874909833683272
5732,0.12023235346340214
5733,0.976466605564867
5734,0.671647727949839
5735,0.39678624102597826
5736,0.9967750416077447
5737,0.054246038697294274
5738,0.21876632477945926
5739,0.9820432130211333
5740,0.15893544039026292
5741,0.2741382902388263
5742,0.018338652002078838
5743,0.9779208051155841
5744,0.3838537757558539
5745,0.3686097238415059
5746,0.3402615937469644
5747,0.9765914260763041
5748,0.10349764719420877
5749,0.0011927903706253793
5750,0.5963829048996319
5751,0.17443835295859667
5752,0.989213979101135
5753,0.3899402736147626
5754,0.02037457421776405
5755,0.07538021974440853
5756,0.8997272651036817
5757,0.9473982685678002
5758,0.8018404255625065
5759,0.013186588921777175
5760,0.8676594671946605
5761,0.09941889463600692
5762,0.13928998167978487
5763,0.001291248852151021
5764,0.991645083465966
5765,0.38578139957929014
5766,0.0018036702680357002
5767,0.0012489473990315485
5768,0.14728496746436948
5769,0.07703095986596052
5770,0.07653586748437036
5771,0.11219426616646914
5772,0.5128333196470956
5773,0.1986235809082651
5774,0.003707616399472985
5775,0.9758145937289233
5776,0.0014386958427313851
5777,0.6088479964526442
5778,0.8627333510069434
5779,0.6795705468143
5780,0.014560666148866369
5781,0.05455027581824269
5782,0.012382148886207268
5783,0.009463391865852853
5784,0.5503088116310443
5785,0.1530845598029104
5786,0.9389773731792433
5787,0.02297555031893786
5788,0.08270989595710726
5789,0.05952778967437967
5790,0.9662759098544658
5791,0.06137878113082078
5792,0.050656772918656855
5793,0.0018036702680357002
5794,0.5181163510461693
5795,0.007286686011461589
5796,0.09797173022102311
5797,0.6718497968408254
5798,0.9727405144680852
5799,0.27149234128234045
5800,0.06950551829396424
5801,0.12369743811609905
5802,0.04233184011078813
5803,0.1053325738799504
5804,0.9648801514747307
5805,0.8824849047209572
5806,0.051132570796970554
5807,0.978759074651885
5808,0.9575426964617322
5809,0.9604474969861861
5810,0.996840490934933
5811,0.05136868354083224
5812,0.7114655938801572
5813,0.8252615010666159
5814,0.9831205034796549
5815,0.12052071682939337
5816,0.0860586114479872
5817,0.9895989979591406
5818,0.04015508568882117
5819,0.056263173090012705
5820,0.08891197695559376
5821,0.909765525462429
5822,0.6430640415048168
5823,0.07248594833707325
5824,0.9622253340624365
5825,0.11705804769425988
5826,0.531344964683853
5827,0.7655200325076138
5828,0.961984739154272
5829,0.8726374867803351
5830,0.07021161386653403
5831,0.002049296381886966
5832,0.9349538085866346
5833,0.8828070714501202
5834,0.967643573850399
5835,0.014982589608978627
5836,0.013872664735980188
5837,0.9092995736813381
5838,0.9929183427172281
5839,0.03568639735599389
5840,0.11153631341364961
5841,0.24239694772252962
5842,0.9722671499494817
5843,0.0037384046937453067
5844,0.5771918119051743
5845,0.9684433244644458
5846,0.00208104677156288
5847,0.0741050107115099
5848,0.5894518856673538
5849,0.003851609534032802
5850,0.0012392939674917055
5851,0.9962713173966254
5852,0.059192296932327894
5853,0.15703863007330823
5854,0.0903460721563761
5855,0.13230989896687226
5856,0.6561822267635732
5857,0.4916568885186903
5858,0.23530896935196438
5859,0.016939820796872725
5860,0.973365125539693
5861,0.02835097786701657
5862,0.0030587388916465627
5863,0.9507307362891596
5864,0.04256640139658995
5865,0.8244025812517934
5866,0.8106809365329247
5867,0.7572756781218279
5868,0.9940610842155482
5869,0.7314586621530329
5870,0.025876419098183424
5871,0.9915613779413182
5872,0.017115009617895038
5873,0.07310968085798229
5874,0.8807303750050894
5875,0.04949636048719079
5876,0.15163142131344548
5877,0.9683632932222777
5878,0.0011927903706253793
5879,0.06471106533537636
5880,0.48202598647752487
5881,0.9967435800259152
5882,0.9217733680534184
5883,0.023155589127291605
5884,0.996840490934933
5885,0.2374172279886232
5886,0.0012198932102866443
5887,0.5788025953817626
5888,0.9906922319164606
5889,0.060009501423746475
5890,0.8540382396966483
5891,0.08179919898446317
5892,0.054288853997527246
5893,0.1338998930052679
5894,0.9745060440359198
5895,0.060691972425146325
5896,0.08854821415736078
5897,0.9332351313568147
5898,0.43185988762592165
5899,0.9967435800259152
5900,0.157700094401268
5901,0.060508013008210335
5902,0.0014357042840489284
5903,0.002273820839499155
5904,0.9798238582041294
5905,0.9048340272516816
5906,0.996928291307606
5907,0.15687671924817834
5908,0.040337630546098756
5909,0.9701041424978568
5910,0.21636131621777605
5911,0.041935541274119706
5912,0.2635912548363574
5913,0.0025741184816076676
5914,0.9092995736813381
5915,0.7709242578541105
5916,0.9963390113812673
5917,0.026498130933782563
5918,0.763046158739338
5919,0.009568243492429618
5920,0.1509011739567355
5921,0.8620278282998403
5922,0.03597354562960802
5923,0.030601868924201078
5924,0.0615776744416929
5925,0.6589355173569147
5926,0.31336480053266735
5927,0.14432778094193466
5928,0.531344964683853
5929,0.40666135103165485
5930,0.0015795855097076067
5931,0.23629531757456468
5932,0.9687218918135071
5933,0.09972238643290507
5934,0.008862159887098795
5935,0.015446082036519673
5936,0.9768129459929458
5937,0.00208104677156288
5938,0.9633340797196585
5939,0.1349289781763075
5940,0.05028403718282153
5941,0.831740072228063
5942,0.1713444064005963
5943,0.9771390153279083
5944,0.00208104677156288
5945,0.37480260589786507
5946,0.5825984160595259
5947,0.9724676284325046
5948,0.09382861706698359
5949,0.020880752520377202
5950,0.9789817379207542
5951,0.053966891252314526
5952,0.893222792889335
5953,0.015455212135803913
5954,0.04812129204203963
5955,0.9962713173966254
5956,0.98031681256405
5957,0.985424277668391
5958,0.9792296920662208
5959,0.02716393479916062
5960,0.1412353061568258
5961,0.18081784058597414
5962,0.03737091904572145
5963,0.9746455784277988
5964,0.2629690473630463
5965,0.054461662787735225
5966,0.014376280189311785
5967,0.9731247089820776
5968,0.025521708796405015
5969,0.0013629660425798066
5970,0.8886348805415023
5971,0.277461882713866
5972,0.42909011158317806
5973,0.3246702820285485
5974,0.10360938351683074
5975,0.8543564213568005
5976,0.9768847730544855
5977,0.9749195060755231
5978,0.9707400343509486
5979,0.9760026718591539
5980,0.7141132321560851
5981,0.002974096236123268
5982,0.07513848037021993
5983,0.017969121221805568
5984,0.013823935499346409
5985,0.9968403505142471
5986,0.996840490934933
5987,0.4874188821184059
5988,0.9905789690797637
5989,0.013330001629838184
5990,0.8575272752339316
5991,0.002949362039669411
5992,0.8890904194762685
5993,0.0045221563972560625
5994,0.9813018738546794
5995,0.19918168469119246
5996,0.5042510522111662
5997,0.08246667342765898
5998,0.1483665876869481
5999,0.09826290919173797
6000,0.18608730758329645
6001,0.9763466487482183
6002,0.1925289762852574
6003,0.031324562749900975
6004,0.21168621859852105
6005,0.08864499430851056
6006,0.15830931569206505
6007,0.00118606461155464
6008,0.9632317542498082
6009,0.3087987306058044
6010,0.0012237087673843
6011,0.6409797992957961
6012,0.14012997428407145
6013,0.22182514922213498
6014,0.3676578175340012
6015,0.9770290830012223
6016,0.00208104677156288
6017,0.9895776454475553
6018,0.023619144126243875
6019,0.024773179568768545
6020,0.013446102205167136
6021,0.12992194895582385
6022,0.7889403399163524
6023,0.7685382669755824
6024,0.9799627892716016
6025,0.9920490801739478
6026,0.1596959261946532
6027,0.9817519178016296
6028,0.9199304209147295
6029,0.03965875900607034
6030,0.9802442375520629
6031,0.7766697573471923
6032,0.027844430752287187
6033,0.036592259735497824
6034,0.18703090499200756
6035,0.6469212894706055
6036,0.08637703309315552
6037,0.9966712938384216
6038,0.4730428173582951
6039,0.07590804509414625
6040,0.15601592700516217
6041,0.013055952847566709
6042,0.11153801786743726
6043,0.9785936464199796
6044,0.15968820164895509
6045,0.32056095206115826
6046,0.9766281789667459
6047,0.4552500038122018
6048,0.28750079202117307
6049,0.9746998964745989
6050,0.46146511819192726
6051,0.9765914260763041
6052,0.03652795428372209
6053,0.022891840326325397
6054,0.01258815694459548
6055,0.44490972304248855
6056,0.9781935789949227
6057,0.9920061336926149
6058,0.13275662462447235
6059,0.8241194381521135
6060,0.5947140934190239
6061,0.06991739010008834
6062,0.08254128384512634
6063,0.11747466755217977
6064,0.13213984297478665
6065,0.06586397991392938
6066,0.0627855058094229
6067,0.02634223944090429
6068,0.015046760106954611
6069,0.8246291148165076
6070,0.6718497968408254
6071,0.9521643796293205
6072,0.9896195655598538
6073,0.17829756541448688
6074,0.02527700032625666
6075,0.9646792534204774
6076,0.05064837066817177
6077,0.026715362821179145
6078,0.04513775485650061
6079,0.979415232937929
6080,0.0014357042840489284
6081,0.0015154324923507482
6082,0.13138261420524217
6083,0.06053857635021838
6084,0.03580911967807747
6085,0.9821344830587693
6086,0.001388677035475594
6087,0.495785807755669
6088,0.17398443580085363
6089,0.015758413843299835
6090,0.01908773702423888
6091,0.23572820729822405
6092,0.9960782285404265
6093,0.4535132588842549
6094,0.02457910972942758
6095,0.9832807368475033
6096,0.9249571331583903
6097,0.05230858055265486
6098,0.002647974828318128
6099,0.07905836748476004
6100,0.058384530410360284
6101,0.14525365833673762
6102,0.012571612122426428
6103,0.17055230038339253
6104,0.07614477258355795
6105,0.0402140555425416
6106,0.9964548619465431
6107,0.9720792226061223
6108,0.7766093833485253
6109,0.2977148345110165
6110,0.12791391192569732
6111,0.6989487915078696
6112,0.21382926674551583
6113,0.15519895033308526
6114,0.27858638765197086
6115,0.866381009818993
6116,0.01167272802816007
6117,0.08982520519752397
6118,0.3931731800720702
6119,0.06466355529387238
6120,0.41156059293748154
6121,0.02501831432393402
6122,0.8916179171604107
6123,0.0020901343445608117
6124,0.9785079151893578
6125,0.9155416452283183
6126,0.07847312958529826
6127,0.8307644711746427
6128,0.23629531757456468
6129,0.9724618579629885
6130,0.9964548619465431
6131,0.02247897706828651
6132,0.14419462098415908
6133,0.16466758047655103
6134,0.05464390530971281
6135,0.9128239134220745
6136,0.0012079822691479281
6137,0.0035819492878289357
6138,0.8579600317978187
6139,0.9156066507660632
6140,0.09446787969123623
6141,0.19462438058959264
6142,0.003813069664344558
6143,0.9815360973976818
6144,0.23920009052692937
6145,0.9799141064259715
6146,0.0792759357929848
6147,0.783086885981974
6148,0.0018998367571925804
6149,0.13017218434559752
6150,0.8587269871755754
6151,0.46244043809939783
6152,0.15856766386656923
6153,0.8481945669628616
6154,0.22409301660879352
6155,0.9595146925903794
6156,0.013206598162555297
6157,0.12077172610742057
6158,0.2741254937079295
6159,0.013259341763677683
6160,0.5169672590426505
6161,0.06510032058573902
6162,0.16942749858000705
6163,0.021343668344261626
6164,0.10998507227845195
6165,0.8318824897712919
6166,0.9844422601217143
6167,0.9968403505142471
6168,0.015792033869709884
6169,0.8901934148196348
6170,0.9800891969478397
6171,0.049346066139006974
6172,0.5602219118549008
6173,0.08356006034019756
6174,0.5633100191575088
6175,0.8322147801988379
6176,0.23587844463223664
6177,0.28382845926115374
6178,0.0012237087673843
6179,0.13567036020858636
6180,0.03964098447731214
6181,0.19726579589136695
6182,0.8606289827196959
6183,0.01850231977715011
6184,0.0018997376406759711
6185,0.3040633436387895
6186,0.19518269217204745
6187,0.06864144171941346
6188,0.9901348938940077
6189,0.9902451792860524
6190,0.06900990348954598
6191,0.1674924194461973
6192,0.012583811623179937
6193,0.11482535594328556
6194,0.30626639755555285
6195,0.05631730643145614
6196,0.09281231611561815
6197,0.9751183281602548
6198,0.042441094000068194
6199,0.09183141524671197
6200,0.9738630550526425
6201,0.022561466729376787
6202,0.0017162393294918293
6203,0.9347555019737988
6204,0.9277471881026367
6205,0.15387106605709291
6206,0.9748594805313311
6207,0.9844319178539804
6208,0.09089915624452002
6209,0.12779718348218955
6210,0.2191129988246829
6211,0.21251918573328896
6212,0.020351613043612254
6213,0.03358392223574313
6214,0.2197434932466125
6215,0.9197273661927176
6216,0.3826392812731337
6217,0.0012354298754271413
6218,0.9557013500073654
6219,0.002314927229562643
6220,0.996840490934933
6221,0.982335137005296
6222,0.08628994989677313
6223,0.9891959192791513
6224,0.0967976303952371
6225,0.893222792889335
6226,0.051006101430231876
6227,0.5947057927061892
6228,0.14968399920947076
6229,0.2914997653384404
6230,0.07174359567230104
6231,0.00118606461155464
6232,0.002273820839499155
6233,0.145240969952071
6234,0.3948150891409738
6235,0.0027112514699990224
6236,0.363078899880012
6237,0.003714262317729901
6238,0.14900025888784424
6239,0.8523827387597013
6240,0.7746860205600851
6241,0.9789613832186671
6242,0.9677856576697742
6243,0.9016822947900907
6244,0.010763045160794692
6245,0.024709279887164957
6246,0.38578139957929014
6247,0.9751390576005927
6248,0.9769922404612594
6249,0.06306475025980088
6250,0.013726657057880898
6251,0.08405181592120715
6252,0.060101460245109185
6253,0.07280982507903887
6254,0.19805315370005666
6255,0.9968403505142471
6256,0.037399053006989494
6257,0.0011927903706253793
6258,0.23806946348132754
6259,0.9905323560081443
6260,0.06904911127482413
6261,0.009617607442116784
6262,0.5883124341702394
6263,0.08435106886204143
6264,0.9682041871622159
6265,0.14696194483759287
6266,0.31153200692883787
6267,0.0022058117032780016
6268,0.6851249962349748
6269,0.9720848588249664
6270,0.014693879716276032
6271,0.9588841911916037
6272,0.6391924227151957
6273,0.6869146269588079
6274,0.12193009750339373
6275,0.16091769140723747
6276,0.11887210151803398
6277,0.08708002102479356
6278,0.0769348411029905
6279,0.06071541296937352
6280,0.040931638873139484
6281,0.2256153432804906
6282,0.01232400147642658
6283,0.1436625336809819
6284,0.034729000030820044
6285,0.08675954913827168
6286,0.5414965143486891
6287,0.8273116567366207
6288,0.12497885375052206
6289,0.2713936123717786
6290,0.00118606461155464
6291,0.0651618268578487
6292,0.9747925926676958
6293,0.7509409917857295
6294,0.6233287105173837
6295,0.10076075076862594
6296,0.09933643408624987
6297,0.9082980742589947
6298,0.3666563275422974
6299,0.6754201264139258
6300,0.034211863477621986
6301,0.024709279887164957
6302,0.18834270447035018
6303,0.5438327422478803
6304,0.07256405395991704
6305,0.9839085720456822
6306,0.06137085842110648
6307,0.059868081205478006
6308,0.9962713173966254
6309,0.002236216722478085
6310,0.19402339200452842
6311,0.9964548619465431
6312,0.06023922926052326
6313,0.893222792889335
6314,0.9816386976069997
6315,0.10383140897850891
6316,0.6300499332532122
6317,0.03723433176264117
6318,0.8191560661982032
6319,0.98931406329006
6320,0.0377454194428122
6321,0.0011890711031545347
6322,0.4204359785195714
6323,0.9781749969083355
6324,0.8892531694105184
6325,0.059474419950674935
6326,0.04138626549428806
6327,0.6666430363994137
6328,0.030899062887231037
6329,0.11301976307240069
6330,0.8207940297313159
6331,0.6250320865006295
6332,0.02037457421776405
6333,0.01589587792793038
6334,0.9795449562448586
6335,0.9919056134632388
6336,0.00118606461155464
6337,0.8373136619300965
6338,0.026539671034512075
6339,0.11235113619092589
6340,0.045890481959771384
6341,0.01482014949875712
6342,0.575138007111912
6343,0.9783640671461851
6344,0.08761414590635813
6345,0.9879607351059718
6346,0.10031908714132391
6347,0.008862159887098795
6348,0.05414661884512971
6349,0.8786305790799782
6350,0.01571417650242808
6351,0.0012354298754271413
6352,0.08496311484578499
6353,0.7183809408714653
6354,0.5818934110841602
6355,0.38233953505090196
6356,0.050750470732392916
6357,0.09360475673963996
6358,0.06393991190934803
6359,0.2577865056409444
6360,0.47659832724787793
6361,0.2976803880144945
6362,0.20770464536571534
6363,0.9506854510152396
6364,0.7163429489068938
6365,0.0014091238225453267
6366,0.07431249670046798
6367,0.33177155763157684
6368,0.5971176507074212
6369,0.9748594805313311
6370,0.0872057067333522
6371,0.25681967218660384
6372,0.08185681762434893
6373,0.687177957644692
6374,0.13928998167978487
6375,0.7101568087959362
6376,0.9918943171438975
6377,0.9564204840201761
6378,0.9823985010847402
6379,0.9556783899330074
6380,0.01240359345305671
6381,0.6427167953807524
6382,0.0017162393294918293
6383,0.08579267003243692
6384,0.9915658477103363
6385,0.9753368976123237
6386,0.0020900253208047627
6387,0.0011927903706253793
6388,0.06584809917072174
6389,0.5891277249330008
6390,0.9651360502264937
6391,0.5332622327719071
6392,0.4062692602597056
6393,0.010419049116193166
6394,0.11852594127721855
6395,0.012208080013935871
6396,0.004986845179598897
6397,0.030684462239592307
6398,0.17514663687505808
6399,0.01756177881228944
6400,0.85145630915388
6401,0.9766282181661279
6402,0.06528241278116577
6403,0.9733433284150668
6404,0.001388677035475594
6405,0.44934960508779964
6406,0.6392231200832482
6407,0.08377965199015318
6408,0.0782564426575563
6409,0.32644589668396956
6410,0.5278471918191688
6411,0.07342340237711849
6412,0.004341336736646929
6413,0.967974420764793
6414,0.964461213158389
6415,0.029748503218974303
6416,0.9762661276988588
6417,0.9890629461526473
6418,0.9588834803105527
6419,0.0778204791726346
6420,0.8979931006376581
6421,0.9747712546094408
6422,0.044463257441142115
6423,0.0013690727691831326
6424,0.14814148448529682
6425,0.9776296229989861
6426,0.18659170351053758
6427,0.9757683851461958
6428,0.00208104677156288
6429,0.0914964612739042
6430,0.10168154310884513
6431,0.0011927903706253793
6432,0.5438650920573919
6433,0.7562988173569641
6434,0.261076934411701
6435,0.05183536857715766
6436,0.0012079822691479281
6437,0.07418596780468353
6438,0.045627972293096224
6439,0.10476953778544774
6440,0.4392940907265008
6441,0.9775768700254551
6442,0.3914896888794507
6443,0.0755350040867534
6444,0.10778642674664109
6445,0.9878241881173129
6446,0.04541735235723507
6447,0.15447430692116482
6448,0.15391236473288605
6449,0.9833925901025503
6450,0.0012173920967388679
6451,0.011246083653825395
6452,0.8340428028888287
6453,0.02052135014900563
6454,0.9886019857871883
6455,0.134342192078616
6456,0.013902236316947847
6457,0.855128928184403
6458,0.9873352850437173
6459,0.861742843372309
6460,0.8867439526363465
6461,0.2830451416123374
6462,0.03595398671983225
6463,0.6179241075350884
6464,0.02208559877752957
6465,0.009962839985705199
6466,0.0012354298754271413
6467,0.046799673746409566
6468,0.00208104677156288
6469,0.6777691481834144
6470,0.07763160928969487
6471,0.04035972819145797
6472,0.24069519597367023
6473,0.9718929385523775
6474,0.19327548830939645
6475,0.013872664735980188
6476,0.9927614833682878
6477,0.514889363392313
6478,0.021576975737654998
6479,0.2804922959395659
6480,0.958149163092897
6481,0.9082980742589947
6482,0.9968869949566868
6483,0.3906671454451278
6484,0.7048792144457467
6485,0.010814522213301274
6486,0.0860837295189421
6487,0.09599415250847998
6488,0.08253967102593317
6489,0.959109722905293
6490,0.21165000605159676
6491,0.05183534291444026
6492,0.10942529828668944
6493,0.042907342105253904
6494,0.9733433284150668
6495,0.3367889289594094
6496,0.25874803153042314
6497,0.2865556427362635
6498,0.996840490934933
6499,0.10620194942033767
6500,0.9929183427172281
6501,0.10250294936321175
6502,0.5569119772296388
6503,0.2387430424719063
6504,0.9900885074462745
6505,0.972261977218354
6506,0.9915426394974358
6507,0.6355852498407332
6508,0.5055571623956396
6509,0.5220241028156873
6510,0.14486202567291734
6511,0.9957215684228251
6512,0.4252651283617417
6513,0.011708153620970246
6514,0.001984354467571444
6515,0.04238271469046571
6516,0.821493307031064
6517,0.030277759256169275
6518,0.04267831439327974
6519,0.1994165271898844
6520,0.06398565171670458
6521,0.01912150403033208
6522,0.9902185346336677
6523,0.0013242251765639228
6524,0.02771454693110699
6525,0.11824286765105196
6526,0.11646831424831015
6527,0.9857794585705631
6528,0.46105888610613976
6529,0.9780872446614058
6530,0.042805163242779234
6531,0.04780466094016242
6532,0.6859581535418282
6533,0.37410705330844446
6534,0.001291248852151021
6535,0.00283602782904919
6536,0.10433933719325192
6537,0.4652423165009031
6538,0.036957011301916975
6539,0.8110946991972489
6540,0.16041583553020627
6541,0.996840490934933
6542,0.20286286095731076
6543,0.15629542402650679
6544,0.4701400899104728
6545,0.45846442088329425
6546,0.0038736938667449225
6547,0.9864869009332936
6548,0.9759132275183265
6549,0.8255627963188591
6550,0.978248099847856
6551,0.8639223435496767
6552,0.08445002444067885
6553,0.6277037454307305
6554,0.00564979784272839
6555,0.9795774637031395
6556,0.9700427450290637
6557,0.17443276253915993
6558,0.0025091678257343412
6559,0.8745694431862752
6560,0.02067572300750297
6561,0.10370261862382071
6562,0.8523827387597013
6563,0.9522476846604111
6564,0.009183541181096178
6565,0.446187278278433
6566,0.9881461907938472
6567,0.9968869949566868
6568,0.9855214470585637
6569,0.08540446929113812
6570,0.0659859302779447
6571,0.8178834079756034
6572,0.033117447336156874
6573,0.1802828058661844
6574,0.0020901343445608117
6575,0.1764987022708402
6576,0.9968403505142471
6577,0.9735880723845515
6578,0.10264726191803818
6579,0.3125832779359645
6580,0.18398685754258076
6581,0.1469259613725192
6582,0.06765756529779793
6583,0.0256252061921148
6584,0.9538465016435546
6585,0.8997272651036817
6586,0.05242453274870595
6587,0.9864869009332936
6588,0.012844918751708302
6589,0.8657653265545987
6590,0.2921729469986188
6591,0.15469977110214214
6592,0.028697206390939055
6593,0.845365607842795
6594,0.8348898477291817
6595,0.02138275468184889
6596,0.002498262922642699
6597,0.03940027649948455
6598,0.6888806294971516
6599,0.08905229217734738
6600,0.9769967532195839
6601,0.002778902049736443
6602,0.9823398546546792
6603,0.028262014978149785
6604,0.007523586819971237
6605,0.19415410124901736
6606,0.9749756497756434
6607,0.9810878055305453
6608,0.9809719689812306
6609,0.6546023493123238
6610,0.9128239134220745
6611,0.0695560782286458
6612,0.3360632645000231
6613,0.15408351715668908
6614,0.11568412252146218
6615,0.19793340189153869
6616,0.05336799693377636
6617,0.0012392939674917055
6618,0.7354875108629025
6619,0.07208703716450132
6620,0.418314930123378
6621,0.03652795428372209
6622,0.08533166355139564
6623,0.9711958033935824
6624,0.9968869949566868
6625,0.19373216119836378
6626,0.9709224746827269
6627,0.028666976755698317
6628,0.9876039561705808
6629,0.004859008228649189
6630,0.05910815447239185
6631,0.023219754564536493
6632,0.1864301519814293
6633,0.4945709104007265
6634,0.23781744541919947
6635,0.0836661005942929
6636,0.01869534231908823
6637,0.9968403505142471
6638,0.1349826587121385
6639,0.03394284856673943
6640,0.5964239546443599
6641,0.8348898477291817
6642,0.5810998275037756
6643,0.3308690586436804
6644,0.02309992657956169
6645,0.11183749437497538
6646,0.06526053897765105
6647,0.996840490934933
6648,0.964111827574
6649,0.19403476651624613
6650,0.08061204890327016
6651,0.14093538938696326
6652,0.2512711087925626
6653,0.02358287639268886
6654,0.2176812014793485
6655,0.0012237087673843
6656,0.9407915622303135
6657,0.893222792889335
6658,0.9912607765837314
6659,0.1483665876869481
6660,0.466377373344136
6661,0.381415195468546
6662,0.03602842229390276
6663,0.8970748838609658
6664,0.9905647661435734
6665,0.122211189872428
6666,0.9719681596116289
6667,0.07363904961116731
6668,0.30389783769832457
6669,0.9812943583997671
6670,0.0012489473990315485
6671,0.00118606461155464
6672,0.018960458488591028
6673,0.821493307031064
6674,0.0026108336423961514
6675,0.9287545012468646
6676,0.5621769710428173
6677,0.10110544131584048
6678,0.6577436582865525
6679,0.05646855376571428
6680,0.0478381666555885
6681,0.6671802514600131
6682,0.01642865137054697
6683,0.9754410022737819
6684,0.45525806487811266
6685,0.9707995119856927
6686,0.9842745627210328
6687,0.07902063066667461
6688,0.9128239134220745
6689,0.06654771978492384
6690,0.10472912835021425
6691,0.9937984264771408
6692,0.19857189013723872
6693,0.7648230637580052
6694,0.982731411084423
6695,0.9736117046996715
6696,0.9601067310009427
6697,0.002671187216016779
6698,0.04404380910773931
6699,0.5002108970580855
6700,0.10355368262760498
6701,0.0012079822691479281
6702,0.9298011633813309
6703,0.5525279274379294
6704,0.14237515521003546
6705,0.8606602690469338
6706,0.04232057470382464
6707,0.983850478109966
